-- MySQL dump 10.13  Distrib 5.7.27, for Linux (x86_64)
--
-- Host: localhost    Database: varstadt
-- ------------------------------------------------------
-- Server version	5.7.27-0ubuntu0.18.04.1

/*!40101 SET @OLD_CHARACTER_SET_CLIENT=@@CHARACTER_SET_CLIENT */;
/*!40101 SET @OLD_CHARACTER_SET_RESULTS=@@CHARACTER_SET_RESULTS */;
/*!40101 SET @OLD_COLLATION_CONNECTION=@@COLLATION_CONNECTION */;
/*!40101 SET NAMES utf8 */;
/*!40103 SET @OLD_TIME_ZONE=@@TIME_ZONE */;
/*!40103 SET TIME_ZONE='+00:00' */;
/*!40014 SET @OLD_UNIQUE_CHECKS=@@UNIQUE_CHECKS, UNIQUE_CHECKS=0 */;
/*!40014 SET @OLD_FOREIGN_KEY_CHECKS=@@FOREIGN_KEY_CHECKS, FOREIGN_KEY_CHECKS=0 */;
/*!40101 SET @OLD_SQL_MODE=@@SQL_MODE, SQL_MODE='NO_AUTO_VALUE_ON_ZERO' */;
/*!40111 SET @OLD_SQL_NOTES=@@SQL_NOTES, SQL_NOTES=0 */;

--
-- Table structure for table `article`
--

DROP TABLE IF EXISTS `article`;
/*!40101 SET @saved_cs_client     = @@character_set_client */;
/*!40101 SET character_set_client = utf8 */;
CREATE TABLE `article` (
  `id` int(11) NOT NULL AUTO_INCREMENT,
  `name` varchar(255) DEFAULT NULL,
  `medium_id` int(11) DEFAULT NULL,
  `url` varchar(255) DEFAULT NULL,
  `abstract` text,
  `is_premium` tinyint(1) NOT NULL DEFAULT '0',
  `source_date` date NOT NULL,
  `created_at` int(11) NOT NULL,
  `updated_at` int(11) NOT NULL,
  `language` varchar(255) NOT NULL,
  PRIMARY KEY (`id`),
  KEY `fk_article__medium` (`medium_id`),
  CONSTRAINT `fk_article__medium` FOREIGN KEY (`medium_id`) REFERENCES `medium` (`id`)
) ENGINE=InnoDB AUTO_INCREMENT=680 DEFAULT CHARSET=utf8;
/*!40101 SET character_set_client = @saved_cs_client */;

--
-- Dumping data for table `article`
--

LOCK TABLES `article` WRITE;
/*!40000 ALTER TABLE `article` DISABLE KEYS */;
INSERT INTO `article` VALUES (1,'W poszukiwaniu wiecznego życia',1,'https://www.facebook.com/1714882952150815/posts/2150410401931399','Enc rozszerza swą warhammerową gawędę o opis nieumarłych.',0,'2019-11-05',1572981167,1573642141,'PL'),(2,'Pełzająca kontrrewolucja',2,'https://www.facebook.com/107959060574412/posts/149634703073514','Recenzja scenariusza do ZC.\r\n',0,'2019-11-05',1572981167,1573642194,'PL'),(3,'Wolsung – Bon Ton: Kapłani',3,'https://erpegis.wordpress.com/2019/11/04/wolsung-bon-ton-kaplani/','Opis kolejnej grupy społecznej w Wolsungu.\r\n',0,'2019-11-04',1572981167,1573642224,'PL'),(5,'Upadek Lemurii, Sezon 3. Podsumowanie kampanii Conan 2d20.',5,'https://wolfgangschwarzenatter.blogspot.com/2019/11/upadek-lemurii-sezon-3-podsumowanie.html',NULL,0,'2019-11-04',1572981167,1572981167,'PL'),(6,'Ascetyczny scenariusz: Wścibskie Dzieciaki - Halloweenowy Bal',6,'https://www.facebook.com/404634013674125/posts/574359393368252','Przygoda w stylu Scooby-Doo do Meddling Kids.',0,'2019-11-02',1572981167,1572982617,'PL'),(8,'[Zew Cthulhu] The Things We Leave Behind - recenzja',8,'https://squirel-spg.blogspot.com/2019/11/zew-cthulhu-things-we-leave-behind.html','Zbiór zawiera sześć soczystych i niekonwencjonalnych scenariuszy do rozegrania w czasach współczesnych.',1,'2019-11-02',1572981167,1572987202,'PL'),(9,'W jakich etapach przebiega żałoba po śmierci Bohatera Gracza?',9,'https://www.facebook.com/2197446783670850/posts/2548378255244366','Tekst niewątpliwie humorystyczny.\r\n',0,'2019-11-02',1572981167,1572985609,'PL'),(10,'Polecajka z dreszczykiem',10,'https://www.grajkolektyw.pl/aktualnosci/polecajka-z-dreszczykiem/','Przedstawienie pięciu niekonwencjonalnych gier - każdy znajdzie coś dla siebie!\r\n',0,'2019-11-01',1572981167,1572986812,'PL'),(11,'Dyniowice',7,'https://www.facebook.com/1932707267024444/posts/2168038433491325','Haloweenowy pomysł na sesje dla dzieci.\r\n',0,'2019-11-01',1572981167,1572986976,'PL'),(12,'Faerun: Jesień w Zapomnianych Krainach',11,'https://skalawyzwania.pl/faerun-jesien-w-zapomnianych-krainach/?utm_source=rss&utm_medium=rss&utm_campaign=faerun-jesien-w-zapomnianych-krainach','Opis jesiennych świąt Fearunu.\r\n',0,'2019-10-31',1572981167,1572987253,'PL'),(13,'Dyniowe pole',10,'https://www.grajkolektyw.pl/graj/graj-obrazem/dyniowe-pole/','Pomysł na przygodę dla paczki nastolatków z amerykańskiego miasteczka.\r\n',0,'2019-10-31',1572981167,1572987387,'PL'),(15,'Halloween 2019 - Zrodzeni z mroźnego szału i zemsty, czyli rzecz o draugrach',12,'http://jaxoblog.blogspot.com/2019/10/halloween-2019-zrodzeni-z-mroznego-szau.html','Nasz erpegowy alchemik tym razem przygotował dla nas wspaniałą miksturę charakterystyk i pomysłów na przygody, używając do tego sproszkowanych skandynawskich nieumarłych.',1,'2019-10-31',1572981167,1572988137,'PL'),(16,'Hrabina Emmanuelle von Liebowitz',13,'https://www.facebook.com/1895172574028385/posts/2411418252403812','Drugoedycyjny opis znanej w świecie Warhammera persony.',0,'2019-10-30',1572981167,1573061059,'PL'),(17,'Z notatnika alchemika #4 - Recenzja Strange New Worlds, zbioru przygód do Star Trek Adventures',12,'http://jaxoblog.blogspot.com/2019/10/z-notatnika-alchemika-4-recenzja.html','Ciekawy i polecany przez Jaxę zbiór przygód do Star Treka spod znaku 2d20.',0,'2019-10-30',1572981167,1572988819,'PL'),(18,'Bogowie Starego Świata',1,'https://www.facebook.com/1714882952150815/posts/2150131588625947','Tym razem Enc snuje opowieść o dwóch, skonfliktowanych ze sobą, największych kultach Imperium.',1,'2019-10-29',1572981167,1572989026,'PL'),(19,'Jestem fanem #3 - Jestem fanem mechanik zasobów i ustalania zasad stołu',12,'http://jaxoblog.blogspot.com/2019/10/jestem-fanem-3-jestem-fanem-mechanik.html','Dla osób, które przegapiły publikacje na FB.\r\n',1,'2019-10-29',1572981167,1572989459,'PL'),(20,'Kryształy Czasu - Epizon V - Paladynat kontratakuje /129/Stało się. MAG zaprzestał wydawania KCtów, a...',14,'https://www.facebook.com/150279362366378/posts/504877953573182','Mająca spory potencjał humorystyczny ostatnia część historii pierwszej polskiej gry RPG\r\n',0,'2019-10-29',1572981167,1572992192,'PL'),(21,'Tu były smoki. Manuskrypt Bufkina w praktyce – postmortem.',5,'https://wolfgangschwarzenatter.blogspot.com/2019/10/tu-byy-smoki-manuskrypt-bufkina-w.html','Solidny test (cała kampania) Beyond This Point be Dragons. Tylko dla zainteresowanych erpegową archeologią!',0,'2019-10-29',1572981167,1572989948,'PL'),(22,'Parę słów o Arystokratach',3,'https://erpegis.wordpress.com/2019/10/28/pare-slow-o-arystokratach/','Kolejny, obszerny tekst o arystokracji w Wolsungu. Tytulatura i nie tylko.',0,'2019-10-28',1572981167,1572990131,'PL'),(23,'Którędy do skarbu?',2,'https://www.facebook.com/107959060574412/posts/146308410072810','Tekst dla entuzjastów penetrowania wszystkich lochów.',0,'2019-10-28',1572981167,1572990370,'PL'),(24,'Tube Screamer Dungeon — Part One: Proof of Concept',15,'https://rollingboxcars.com/2019/11/05/the-tube-screamer-dungeon-step-one-proof-of-concept/',NULL,0,'2019-11-05',1572981611,1572981611,'ENG'),(25,'Monthly Encounter #03: A Purple Worm Problem (lvls 11-16)',16,'https://www.tribality.com/2019/11/05/monthly-encounter-03-a-purple-worm-problem-lvls-11-16/',NULL,0,'2019-11-05',1572981611,1572981611,'ENG'),(26,'Afterlife–Wandering Souls Review',17,'https://gnomestew.com/afterlife-wandering-souls-review/',NULL,0,'2019-11-05',1572981611,1572981611,'ENG'),(27,'8 Fast Facts About D&D&rsquo;s Magic Missile Spell',18,'https://dmdavid.com/tag/8-fun-facts-about-dds-magic-missile-spell/',NULL,0,'2019-11-05',1572981611,1572981611,'ENG'),(28,'UA: Class Feature Variants Breakdown, Part One',16,'https://www.tribality.com/2019/11/04/ua-class-feature-variants-breakdown-part-one/',NULL,0,'2019-11-05',1572981611,1572981611,'ENG'),(29,'1d20 Magical Weapon Accessories: Scabbards, Quivers, Dueling Gloves, ect...',19,'https://sheepandsorcery.blogspot.com/2019/11/1d20-magical-weapon-accessories.html',NULL,0,'2019-11-05',1572981611,1572981611,'ENG'),(30,'7d8 Road-Weary Wanderers',20,'https://throneofsalt.blogspot.com/2019/11/7d8-road-weary-wanderers.html',NULL,0,'2019-11-05',1572981611,1572981611,'ENG'),(31,'Mud and Floods',21,'http://monstersandmanuals.blogspot.com/2019/11/mud-and-floods.html',NULL,0,'2019-11-04',1572981611,1572981611,'ENG'),(32,'The Art Of Traps: Making The Rogue Cry',17,'https://gnomestew.com/the-art-of-traps-making-the-rogue-cry/',NULL,0,'2019-11-04',1572981611,1572981611,'ENG'),(33,'Random GM Tip – The Numbers That We Say',22,'https://thealexandrian.net/wordpress/43860/roleplaying-games/random-gm-tip-the-numbers-that-we-say',NULL,0,'2019-11-04',1572981611,1572981611,'ENG'),(34,'Travel Methods in Your Game',16,'https://www.tribality.com/2019/11/04/travel-methods-in-your-game/',NULL,0,'2019-11-04',1572981611,1572981611,'ENG'),(35,'The Mud King of Stoney Creek',23,'https://tenfootpole.org/ironspike/?p=6297','Przygoda do Swords & Wizards\r\n',0,'2019-11-04',1572981611,1573643630,'ENG'),(36,'Kitbashing Dungeons',24,'http://slyflourish.com/kitbashing_dungeons.html',NULL,0,'2019-11-04',1572981611,1572981611,'ENG'),(37,'Ptolus: Running the Campaign – In-Jokes',22,'https://thealexandrian.net/wordpress/43857/roleplaying-games/ptolus-running-the-campaign-in-jokes','Inspirująca sytuacja na sesji.\r\n',0,'2019-11-01',1572981611,1572993126,'ENG'),(39,'(5e) The Convent of the Weeping Moon',23,'https://tenfootpole.org/ironspike/?p=6293','Niezbyt pozytywna recenzja przygody do D&D 5E.',0,'2019-11-02',1572981611,1572993367,'ENG'),(40,'Five Epic Fantasy Conflicts Other Than War',25,'https://mythcreants.com/blog/five-epic-fantasy-conflicts-other-than-war/','Posty Mythcreants są najczęściej skierowane do pisarzy, ale część z nich możemy wykorzystać także podczas tworzenia scenariuszy.\r\n',0,'2019-11-02',1572981611,1572993456,'ENG'),(42,'Accessibility Tools ft.FATE',17,'https://gnomestew.com/accessibility-tools-ft-fate/','Słowo o niepełnosprawności postaci w FATE.',0,'2019-11-01',1572981611,1572993877,'ENG'),(43,'A Guide to Roleplaying Elves',16,'https://www.tribality.com/2019/11/01/a-guide-to-roleplaying-elves/','Wskazówki do odgrywania elfa pod 5E.',0,'2019-11-01',1572981611,1572993988,'ENG'),(44,'Esoteric Enterprises -  actual play!',27,'https://cavegirlgames.blogspot.com/2019/11/esoteric-enterprises-actual-play.html','Test gry OSR - Esoteric Enterprises.',0,'2019-11-01',1572981611,1572994091,'ENG'),(45,'Terrible & Awesome Sorcerers',28,'https://weirdwonderfulworlds.blogspot.com/2019/10/terrible-awesome-sorcerers.html','Generator (rzuty kostką) magów.\r\n',0,'2019-10-31',1572981611,1572994186,'ENG'),(46,'Nicobobinise Your Game: Interpreting Dreams and Omens',21,'http://monstersandmanuals.blogspot.com/2019/11/nicobobinise-your-game-interpreting.html','Wprowadzenie graczy do krainy snów.\r\n',0,'2019-10-31',1572981611,1572994235,'ENG'),(47,'Mysterious Monday – The Halloween Edition',15,'https://rollingboxcars.com/2019/10/31/mysterious-monday-the-halloween-edition/','Kilka króciutkich historyjek na Halloween, które można potraktować jako pomysły na fabułę.\r\n',0,'2019-10-31',1572981611,1572994323,'ENG'),(48,'Talk is Cheap; So is Thought',29,'https://theangrygm.com/talk-is-cheap-so-is-thought/','Dołączam z kronikarskiego obowiązku, ale szczerze powiedziawszy ja nie mogę się przebić przez te ocenzurowane przekleństwa ;-).',0,'2019-10-31',1572981611,1573060972,'ENG'),(49,'November 2019 RPG Blog Carnival – Welcome to the World of Survival Horror',30,'https://daemonsanddeathrays.wordpress.com/2019/10/31/november-2019-rpg-blog-carnival-welcome-to-the-world-of-survival-horror/','Jeśli jesteś twórcą bloga o rpg, być może zainteresuje Cię ten blogowy karnawał.\r\n',0,'2019-10-31',1572981611,1572994426,'ENG'),(50,'Ghosts',31,'https://goblinpunch.blogspot.com/2019/10/ghosts.html','Duchy jako przeciwnicy w RPG. Autor unika podawania statystyk.\r\n',0,'2019-10-31',1572981611,1572994485,'ENG'),(52,'All that Glitters is Chrome — Cyberpunk Red Jumpstart Kit',15,'https://rollingboxcars.com/2019/10/30/all-that-glitters-is-chrome-cyberpunk-red-jumpstart-kit/','Recenzja startera do nowej edycji Cyberpunka.\r\n',0,'2019-10-30',1572981611,1572994760,'ENG'),(53,'The Joy of Insects: 4 Real-Life Creatures You Can Use to Bug Your Players',17,'https://gnomestew.com/the-joy-of-insects-4-real-life-creatures-you-can-use-to-bug-your-players/','Pomysły na wykorzystanie istniejących w prawdziwym świecie stworzeń jako przeciwników graczy.\r\n',0,'2019-10-30',1572981611,1572994867,'ENG'),(54,'Plague, War, & Famine 1',23,'https://tenfootpole.org/ironspike/?p=6289','Recenzja przygody OSR. Jest ona negatywna, ale polecam przeczytać komentarze.\r\n',0,'2019-10-30',1572981611,1573060836,'ENG'),(55,'Ptolus: Running the Campaign – Dungeon as a Theater of Operations',22,'https://thealexandrian.net/wordpress/43843/roleplaying-games/ptolus-running-the-campaign-dungeon-as-a-theater-of-operations',NULL,0,'2019-10-25',1572981611,1572981611,'ENG'),(56,'Halloween Roundup 2019',16,'https://www.tribality.com/2019/10/29/halloween-roundup-2019/','Zestawienie Halloweenowych blogowych wpisów (z różnych stron) z poprzednich lat.\r\n',0,'2019-10-29',1572981611,1572995063,'ENG'),(57,'Monstrous Races: Half-Vampire/Dhampyr & Ghost',16,'https://www.tribality.com/2019/10/29/monstrous-races-half-vampire-dhampyr-ghost/','Krótki opis umiejętności dwóch typów nieumarłych.\r\n',0,'2019-10-29',1572981611,1572995158,'ENG'),(58,'Insight Played Wrong Can Become the Most Unrealistic Thing In D&D, a Game With Djinns In Bottles Who Grant Wishes',18,'https://dmdavid.com/tag/insight-played-wrong-can-become-the-most-unrealistic-thing-in-dd-a-game-with-djinns-in-bottles-who-grant-wishes/','Kolejny tekst na temat grupowych rzutów.\r\n',0,'2019-10-29',1572981611,1573060202,'ENG'),(59,'Scraps of Undeath',31,'https://goblinpunch.blogspot.com/2019/10/scraps-of-undeath.html','Opis kilku typów nieumarłych.\r\n',0,'2019-10-29',1572981611,1573060015,'ENG'),(60,'The Greatest OSR Blog Posts Known to Man',21,'http://monstersandmanuals.blogspot.com/2019/10/the-greatest-osr-blog-posts-known-to-man.html','Zestawienie tekstów o tematyce OSR.\r\n',0,'2019-10-28',1572981611,1572995268,'ENG'),(61,'Quick Shot on Big Book of Amazing Tales',32,'http://briebeau.com/thoughty/2019/10/quick-shot-on-big-book-of-amazing-tales/','Rzut okiem na system dla dzieci.\r\n',0,'2019-10-28',1572981611,1572995312,'ENG'),(63,'9 Steps for a Successful New Group Launch',17,'https://gnomestew.com/steps-for-successful-launch/','Poradnik dla MG zbierających grupę graczy.\r\n',0,'2019-10-28',1572981611,1572995423,'ENG'),(64,'Creating a Magic System, P2',16,'https://www.tribality.com/2019/10/28/creating-a-magic-system-p2/','Druga część poradnika na temat tworzenia systemu magii w RPG.\r\n',0,'2019-10-28',1572981611,1572995468,'ENG'),(65,'The Psionic Crucible of the Fat Cannibal',23,'https://tenfootpole.org/ironspike/?p=6285','Recenzja krótkiej przygody typu dungeon.',0,'2019-10-28',1572981611,1573059932,'ENG'),(66,'F$&% CR, There&rsquo;s a Better Way (Part 2)',29,'https://theangrygm.com/f-cr-theres-a-better-way-part-2/','Kontynuacja wpisu na temat projektowania \r\npotyczek.\r\n',0,'2019-10-28',1572981611,1572995521,'ENG'),(67,'The Beats of a Dungeon Crawl',24,'http://slyflourish.com/beats_of_a_dungeon_crawl.html','Dla osób chcących udoskonalić swój dungeon crawling.\r\n',0,'2019-10-28',1572981611,1572995583,'ENG'),(68,'The Tangled Cladistics of the &quot;So-Called&quot; Undead',31,'https://goblinpunch.blogspot.com/2019/10/the-tangled-cladistics-of-so-called.html','Długi tekst uzupełniający wiedzę o nieumarłych.\r\n',0,'2019-10-28',1572981611,1572995614,'ENG'),(69,'The Song of Thra',33,'https://barkingalien.blogspot.com/2019/10/the-song-of-thra.html','Rozważania na temat jak miałaby wyglądać gra RPG w uniwersum znanym z filmu oraz serialu Netflix - The Dark Crystal\r\n',0,'2019-10-28',1572981611,1572995679,'ENG'),(70,'W co zagrać? #17 - Wiedźmin wśród RPG',12,'http://jaxoblog.blogspot.com/2019/11/w-co-zagrac-17-wiedzmin-wsrod-rpg.html',NULL,0,'2019-11-12',1573641470,1573641470,'PL'),(71,'Sprawa małego Cohna',2,'https://www.facebook.com/107959060574412/posts/151468319556819',NULL,0,'2019-11-12',1573641470,1573641470,'PL'),(72,'Moje D&D - wysokopoziomowi bohaterowie',1,'https://www.facebook.com/1714882952150815/posts/2163110500661389',NULL,0,'2019-11-11',1573641470,1573641470,'PL'),(73,'Jestem Fanem #4 - Jestem fanem stawkowania rzutów i paktowania z diabłem',12,'http://jaxoblog.blogspot.com/2019/11/jestem-fanem-4-jestem-fanem-stawkowania.html',NULL,0,'2019-11-08',1573641470,1573641470,'PL'),(74,'Czarne Kurhany',2,'https://www.facebook.com/107959060574412/posts/149636096406708','Recenzja przygody do D&D 5E',0,'2019-11-08',1573641470,1573642448,'PL'),(75,'Kościotrupy - recenzja bestiariusza do D&D 5E',34,'https://posznurku.pl/recenzje/kosciotrupy-recenzja-bestiariusza-do-dd-5-0/',NULL,0,'2019-11-08',1573641470,1573641470,'PL'),(76,'Jestem antyfanem określenia Mistrz Gry',9,'https://www.facebook.com/2197446783670850/posts/2559012154180976',NULL,0,'2019-11-07',1573641470,1573641470,'PL'),(77,'Jak umieścić sesję w fajnym miejscu',35,'https://www.facebook.com/1507448822878986/posts/2277579675865893',NULL,0,'2019-11-07',1573641471,1573641471,'PL'),(78,'Genesys Core Rulebook',36,'https://zapiskipotwora.blogspot.com/2019/11/genesys-core-rulebook.html','Recenzja\r\n',0,'2019-11-06',1573641471,1573642551,'PL'),(79,'Old school PC fragility',26,'https://jrients.blogspot.com/2019/11/old-school-pc-fragility.html',NULL,0,'2019-11-13',1573641767,1573641767,'ENG'),(80,'House Rules for DCC: Moving Towards DCC Lite',19,'https://sheepandsorcery.blogspot.com/2019/11/house-rules-for-dcc-moving-towards-dcc.html',NULL,0,'2019-11-13',1573641767,1573641767,'ENG'),(81,'A Guide to Roleplaying Half-Elves',16,'https://www.tribality.com/2019/11/12/a-guide-to-roleplaying-half-elves/',NULL,0,'2019-11-12',1573641767,1573641767,'ENG'),(82,'How to handle Downtime Investigation',16,'https://www.tribality.com/2019/11/12/how-to-handle-downtime-investigation/',NULL,0,'2019-11-12',1573641767,1573641767,'ENG'),(83,'10 Favorite Nuggets From Monte Cook’s Your Best Game Ever',18,'https://dmdavid.com/tag/10-favorite-nuggets-from-monte-cooks-your-best-game-ever/',NULL,0,'2019-11-12',1573641767,1573641767,'ENG'),(84,'Five or So Questions on the Curse of the House of Rookwood',32,'http://briebeau.com/thoughty/2019/11/five-or-so-questions-on-the-curse-of-the-house-of-rookwood/',NULL,0,'2019-11-12',1573641767,1573641767,'ENG'),(85,'Mummies',31,'https://goblinpunch.blogspot.com/2019/11/mummies.html',NULL,0,'2019-11-12',1573641767,1573641767,'ENG'),(86,'Theory post - Why We Have Dice Rolls, Game Mechanics, and Stats',27,'https://cavegirlgames.blogspot.com/2019/11/theory-post-why-we-have-dice-rolls-game.html',NULL,0,'2019-11-12',1573641767,1573641767,'ENG'),(87,'Original, Simple, Ready to Hack',20,'https://throneofsalt.blogspot.com/2019/11/original-simple-ready-to-hack.html',NULL,0,'2019-11-12',1573641767,1573641767,'ENG'),(88,'Need Psychiatric Help? A Review of The Dreaming Ward',15,'https://rollingboxcars.com/2019/11/11/need-psychiatric-help-a-review-of-the-dreaming-ward/',NULL,0,'2019-11-11',1573641767,1573641767,'ENG'),(89,'Creating a Magic System, P3',16,'https://www.tribality.com/2019/11/11/creating-a-magic-system-p3/',NULL,0,'2019-11-11',1573641767,1573641767,'ENG'),(90,'Mystery at Morfurt',23,'https://tenfootpole.org/ironspike/?p=6307',NULL,0,'2019-11-11',1573641767,1573641767,'ENG'),(91,'Golems',31,'https://goblinpunch.blogspot.com/2019/11/golems.html',NULL,0,'2019-11-11',1573641767,1573641767,'ENG'),(92,'Initiate This',33,'https://barkingalien.blogspot.com/2019/11/initiate-this.html',NULL,0,'2019-11-11',1573641767,1573641767,'ENG'),(95,'(5e) Sinner’s Manor',23,'https://tenfootpole.org/ironspike/?p=6301','Recenzja przygody do 5E\r\n',0,'2019-11-09',1573641767,1573643479,'ENG'),(97,'Bizarre Bazaar – Items of Castlevania (November 2019 Blog Carnival)',30,'https://daemonsanddeathrays.wordpress.com/2019/11/08/bizarre-bazaar-items-of-castlevania-november-2019-blog-carnival/',NULL,0,'2019-11-09',1573641767,1573641767,'ENG'),(98,'Five MORE Commonly Confused Rules in D&D 5e',16,'https://www.tribality.com/2019/11/08/five-more-commonly-confused-rules-in-dd-5e/',NULL,0,'2019-11-08',1573641767,1573641767,'ENG'),(100,'What does infravision look like, anyway?',26,'https://jrients.blogspot.com/2019/11/what-does-infravision-look-like-anyway.html',NULL,0,'2019-11-08',1573641767,1573641767,'ENG'),(101,'Pathfinder 2 – Advanced Player’s Guide Playtest',16,'https://www.tribality.com/2019/11/08/pathfinder-2-advanced-players-guide-playtest/',NULL,0,'2019-11-08',1573641767,1573641767,'ENG'),(102,'A Guide to Roleplaying Half-Orcs',16,'https://www.tribality.com/2019/11/08/a-guide-to-roleplaying-half-orcs/',NULL,0,'2019-11-08',1573641767,1573641767,'ENG'),(103,'You Can’t Build Worlds by Yourself',17,'https://gnomestew.com/you-cant-build-worlds-by-yourself/',NULL,0,'2019-11-08',1573641767,1573641767,'ENG'),(105,'Nine Ways for Your Hero to Earn the Clues They Need',25,'https://mythcreants.com/blog/nine-ways-for-your-hero-to-earn-the-clues-they-need/','Spokojnie można skorzystać z tych porad podczas przygotowywania przygody.\r\n',0,'2019-11-08',1573641767,1573643151,'ENG'),(107,'Five or So Questions on BALIKBAYAN',32,'http://briebeau.com/thoughty/2019/11/five-or-so-questions-on-balikbayan/','Recenzja / przemyślenia na temat cyberpunkowej gry RPG\r\n',0,'2019-11-07',1573641767,1573643038,'ENG'),(109,'The Secret Names of God, and the Wizard Trap',31,'https://goblinpunch.blogspot.com/2019/11/the-secret-names-of-god-and-wizard-trap.html',NULL,0,'2019-11-07',1573641768,1573641768,'ENG'),(110,'Glasses for the Ages',37,'https://d-infinity.net/blog/eric-lis/glasses-ages',NULL,0,'2019-10-18',1573641768,1573641768,'ENG'),(111,'The Temple of the Bear',23,'https://tenfootpole.org/ironspike/?p=6304','Recenzja przygody OSR\r\n',0,'2019-11-06',1573641768,1573642805,'ENG'),(112,'The Angry GM on Investigation Check',29,'https://theangrygm.com/investigation-check-appearance/',NULL,0,'2019-11-06',1573641768,1573641768,'ENG'),(113,'UA: Class Feature Variants Breakdown, Part Two',16,'https://www.tribality.com/2019/11/05/ua-class-feature-variants-breakdown-part-two/','D&D 5E\r\n',0,'2019-11-06',1573641768,1573642771,'ENG'),(114,'20 Questions, Esoteric Enterprises Edition',20,'https://throneofsalt.blogspot.com/2019/11/20-questions-esoteric-enterprises.html','Pytania pomocne podczas tworzenia współczesnego settingu z motywami paranormalnymi.\r\n\r\n',0,'2019-11-06',1573641768,1573642657,'ENG'),(115,'Eastern Gothic – Creatures of Slavic Folklore (Part 1)',30,'https://daemonsanddeathrays.wordpress.com/2019/11/22/eastern-gothic-creatures-of-slavic-folklore/',NULL,0,'2019-11-23',1574496699,1574496699,'ENG'),(116,'Son of the Podcast Post',20,'https://throneofsalt.blogspot.com/2019/11/son-of-podcast-post.html',NULL,0,'2019-11-23',1574496700,1574496700,'ENG'),(117,'Now I Like Published Adventures',17,'https://gnomestew.com/now-i-like-published-adventures/',NULL,0,'2019-11-22',1574496700,1574496700,'ENG'),(118,'A Kingdom In Letters',38,'http://arsludi.lamemage.com/index.php/1615/a-kingdom-in-letters/',NULL,0,'2019-11-22',1574496700,1574496700,'ENG'),(119,'Explaining the Urban Fantasy Masquerade',25,'https://mythcreants.com/blog/explaining-the-urban-fantasy-masquerade/',NULL,0,'2019-11-22',1574496700,1574496700,'ENG'),(120,'Running Dragon of Icespire Peak from the D&D Essentials Kit',24,'http://slyflourish.com/running_icespire_peak.html',NULL,0,'2019-11-18',1574496700,1574496700,'ENG'),(121,'A Guide to Roleplaying Lizardfolk',16,'https://www.tribality.com/2019/11/21/a-guide-to-roleplaying-lizardfolk/',NULL,0,'2019-11-22',1574496700,1574496700,'ENG'),(122,'Autism at the Tabletop',15,'https://rollingboxcars.com/2019/11/21/autism-at-the-tabletop/',NULL,0,'2019-11-21',1574496700,1574496700,'ENG'),(123,'Eberron: Rising from the Last War Review',16,'https://www.tribality.com/2019/11/21/eberron-rising-from-the-last-war-review/',NULL,0,'2019-11-21',1574496700,1574496700,'ENG'),(124,'The Existential Horror of Non-Anthropocentric Morality in Fantasy Worlds',19,'https://sheepandsorcery.blogspot.com/2019/11/the-existential-horror-of-non.html',NULL,0,'2019-11-20',1574496700,1574496700,'ENG'),(125,'The RPG Zine Revolution',17,'https://gnomestew.com/the-rpg-zine-revolution/',NULL,0,'2019-11-20',1574496700,1574496700,'ENG'),(126,'my best idea ever',26,'https://jrients.blogspot.com/2019/11/my-best-idea-ever.html',NULL,0,'2019-11-20',1574496700,1574496700,'ENG'),(127,'Shipwreck at Har’s Point',23,'https://tenfootpole.org/ironspike/?p=6317',NULL,0,'2019-11-20',1574496700,1574496700,'ENG'),(128,'Monsters with Triggered Abilities',31,'http://goblinpunch.blogspot.com/2019/11/triggered.html',NULL,0,'2019-11-20',1574496700,1574496700,'ENG'),(129,'Ask Angry: A Strange Labyrinth Full of Things',29,'https://theangrygm.com/strange-labyrinth-of-things/',NULL,0,'2019-11-20',1574496700,1574496700,'ENG'),(130,'Create tense/horror scenes in your game',16,'https://www.tribality.com/2019/11/19/create-tense-horror-scenes-in-your-game/',NULL,0,'2019-11-19',1574496700,1574496700,'ENG'),(131,'How Character Death Lands D&D in a Tug-of-War Between Game and Story',18,'https://dmdavid.com/tag/how-character-death-lands-dd-in-a-tug-of-war-between-game-and-story/',NULL,0,'2019-11-19',1574496700,1574496700,'ENG'),(132,'Tapping an Old Vein',17,'https://gnomestew.com/tapping-an-old-vein/',NULL,0,'2019-11-18',1574496700,1574496700,'ENG'),(133,'Geir Loe Cyn-Crul',23,'https://tenfootpole.org/ironspike/?p=6323',NULL,0,'2019-11-18',1574496700,1574496700,'ENG'),(134,'Bosses',31,'https://goblinpunch.blogspot.com/2019/11/bosses.html',NULL,0,'2019-11-18',1574496700,1574496700,'ENG'),(135,'Dungeons & Dragons vs Rick & Morty',16,'https://www.tribality.com/2019/11/17/dungeons-dragons-vs-rick-morty/',NULL,0,'2019-11-17',1574496700,1574496700,'ENG'),(136,'Pandeimos - A New New Crobuzon',20,'https://throneofsalt.blogspot.com/2019/11/pandeimos-new-new-crobuzon.html',NULL,0,'2019-11-17',1574496700,1574496700,'ENG'),(137,'The Lost City of Legend',39,'https://signsinthewilderness.blogspot.com/2019/11/the-lost-city-of-legend.html',NULL,0,'2019-11-17',1574496700,1574496700,'ENG'),(138,'Throne of Salt Mothership Play Report (and The Microbiome)',28,'https://weirdwonderfulworlds.blogspot.com/2019/11/throne-of-salt-mothership-play-report.html',NULL,0,'2019-11-16',1574496700,1574496700,'ENG'),(139,'(Pathfinder) Dark Days in Stoneholme',23,'https://tenfootpole.org/ironspike/?p=6310',NULL,0,'2019-11-16',1574496700,1574496700,'ENG'),(140,'November 2019 RPG Blog Carnival – Electronic Terrors',30,'https://daemonsanddeathrays.wordpress.com/2019/11/15/november-2019-rpg-blog-carnival-horror-game-hootenanny/',NULL,0,'2019-11-16',1574496700,1574496700,'ENG'),(141,'The Artificer Class, Part Seven',16,'https://www.tribality.com/2019/11/15/the-artificer-class-part-seven/',NULL,0,'2019-11-15',1574496700,1574496700,'ENG'),(142,'Five or So Questions on MoonPunk',32,'http://briebeau.com/thoughty/2019/11/five-or-so-questions-on-moonpunk/',NULL,0,'2019-11-15',1574496700,1574496700,'ENG'),(143,'A Call of Cthulhu Review: Sun Spots',15,'https://rollingboxcars.com/2019/11/15/a-call-of-cthulhu-review-sun-spots/',NULL,0,'2019-11-15',1574496700,1574496700,'ENG'),(144,'Camdon Turned Me Into a Vampire Part 3–Fimbulwinter',17,'https://gnomestew.com/camdon-turned-me-into-a-vampire-part-3-fimbulwinter/',NULL,0,'2019-11-15',1574496700,1574496700,'ENG'),(145,'Harnessing Your Passion to Strengthen Your Stories',25,'https://mythcreants.com/blog/harnessing-your-passion-to-strengthen-your-stories/',NULL,0,'2019-11-15',1574496700,1574496700,'ENG'),(146,'Hypergraphia Issue #2 – Gateways, Doorways, and Thresholds, Oh My!',15,'https://rollingboxcars.com/2019/11/13/hypergraphia-issue-2-gateways-doorways-and-thresholds-oh-my/',NULL,0,'2019-11-13',1574496700,1574496700,'ENG'),(147,'The Indie Game Shelf: Dialect',17,'https://gnomestew.com/the-indie-game-shelf-dialect/',NULL,0,'2019-11-13',1574496700,1574496700,'ENG'),(148,'The Necropolis of Nuromen',23,'https://tenfootpole.org/ironspike/?p=6337',NULL,0,'2019-11-13',1574496700,1574496700,'ENG'),(149,'Jestem fanem zegarów',35,'https://www.facebook.com/1507448822878986/posts/2291557674468093',NULL,0,'2019-11-22',1574497506,1574497506,'PL'),(150,'Opowiadanie #1',13,'https://www.facebook.com/1895172574028385/posts/2432988273580143',NULL,0,'2019-11-21',1574497506,1574497506,'PL'),(151,'Jestem antyfanem rzutów pustych',35,'https://www.facebook.com/1507448822878986/posts/2290578691232658',NULL,0,'2019-11-21',1574497506,1574497506,'PL'),(152,'Dawno temu w Dusznikach',2,'https://www.facebook.com/107959060574412/posts/153350392701945',NULL,0,'2019-11-21',1574497506,1574497506,'PL'),(153,'Bretonia',13,'https://www.facebook.com/1895172574028385/posts/2430881513790819',NULL,0,'2019-11-20',1574497506,1574497506,'PL'),(154,'Ghost o Saltmarsh',1,'https://www.facebook.com/1714882952150815/posts/2170788669893572',NULL,0,'2019-11-20',1574497506,1574497506,'PL'),(155,'Wykuliśmy Wiedźmina: Grę Wyobraźni - wydania i niewydania (2/3)',14,'https://www.facebook.com/150279362366378/posts/515488032512174',NULL,0,'2019-11-20',1574497506,1574497506,'PL'),(156,'Inspiracje w prowadzeniu WFRP',13,'https://www.facebook.com/1895172574028385/posts/2430307597181544',NULL,0,'2019-11-19',1574497506,1574497506,'PL'),(157,'Jak dobrze zacząć sesję?',40,'https://www.facebook.com/106429634036863/posts/152292479450578',NULL,0,'2019-11-19',1574497506,1574497506,'PL'),(158,'Z notatnika alchemika #5 - Potwór tygodnia',12,'http://jaxoblog.blogspot.com/2019/11/z-notatnika-alchemika-5-potwor-tygodnia.html',NULL,0,'2019-11-19',1574497506,1574497506,'PL'),(159,'Moje D&D - Bezcenne bestiariusze',1,'https://www.facebook.com/1714882952150815/posts/2163115513994221',NULL,0,'2019-11-18',1574497506,1574497506,'PL'),(160,'Foreshadowing w sandboksie i weird fiction',41,'https://konkwistadorzy.blogspot.com/2019/11/foreshadowing-w-sandboksie-i-weird.html',NULL,0,'2019-11-17',1574497506,1574497506,'PL'),(161,'Zemsta rodu. Cechy specjalne postaci w kampanii gockiej',42,'https://roberdponury.blogspot.com/2019/11/zemsta-rodu-cechy-specjalne-postaci-w.html',NULL,0,'2019-11-16',1574497506,1574497506,'PL'),(162,'Wstępny plan wydawniczy',43,'http://abcrpg.pl/2019/11/15/wstepny-plan-wydawniczy/',NULL,0,'2019-11-15',1574497506,1574497506,'PL'),(163,'Opowiadanie #2',13,'https://www.facebook.com/1895172574028385/posts/2427039657508338',NULL,0,'2019-11-15',1574497506,1574497506,'PL'),(164,'Proroctwo Martwego Oka',1,'https://www.facebook.com/1714882952150815/posts/2166340330338406',NULL,0,'2019-11-15',1574497506,1574497506,'PL'),(165,'Monster of the Week',2,'https://www.facebook.com/107959060574412/posts/151727226197595',NULL,0,'2019-11-15',1574497506,1574497506,'PL'),(166,'Jagodowy Las',7,'https://www.facebook.com/1932707267024444/posts/2178330059128829',NULL,0,'2019-11-15',1574497506,1574497506,'PL'),(167,'Futerał na kości 0Box',44,'http://polskie-erpegowanie.rpgildia.pl/2019/11/14/futeral-na-kosci-0box/',NULL,0,'2019-11-14',1574497506,1574497506,'PL'),(168,'Niech się dzieje',44,'http://polskie-erpegowanie.rpgildia.pl/2019/11/14/niech-sie-dzieje/',NULL,0,'2019-11-14',1574497506,1574497506,'PL'),(169,'Kuliśmy tego Wiedźmina i grę wyobraźni - początki i prapoczątki (1/3)',14,'https://www.facebook.com/150279362366378/posts/514987812562196',NULL,0,'2019-11-14',1574497506,1574497506,'PL'),(170,'Alien RPG – Unboxing of',45,'https://kbender.net/2019/11/12/alien-rpg-unboxing-of/',NULL,0,'2019-11-12',1574497506,1574497506,'PL'),(171,'Mannfred von Carstein',13,'https://www.facebook.com/1895172574028385/posts/2419933911552246',NULL,0,'2019-11-13',1574497506,1574497506,'PL'),(172,'Modułowa karta postaci do Wiedźmina',35,'https://www.facebook.com/1507448822878986/posts/2283260421964485',NULL,0,'2019-11-13',1574497506,1574497506,'PL'),(173,'Florian zwany LisemFlorian zwany Lisem',13,'https://www.facebook.com/1895172574028385/posts/2436852216527082',NULL,0,'2019-11-26',1574861504,1574861504,'PL'),(174,'Z notatnika alchemika #6 - Rozszerzona wersja Adventurers!',12,'http://jaxoblog.blogspot.com/2019/11/z-notatnika-alchemika-6-rozszerzona.html',NULL,0,'2019-11-26',1574861504,1574861504,'PL'),(175,'Sesja zero',46,'https://www.facebook.com/1337468603044913/posts/1666928536765583',NULL,0,'2019-11-26',1574861504,1574861504,'PL'),(176,'Wiązanie ran i maść doktora Janusza, czyli jak uniknąć TPK i nie zdradzić oldskula',42,'https://roberdponury.blogspot.com/2019/11/wiazanie-ran-i-masc-doktora-janusza.html',NULL,0,'2019-11-25',1574861504,1574861504,'PL'),(177,'Mistrz Protektor Arnino Martinelli',13,'https://www.facebook.com/1895172574028385/posts/2436587679886869',NULL,0,'2019-11-25',1574861504,1574861504,'PL'),(178,'Moje D&D - Nietypowe początki',1,'https://www.facebook.com/1714882952150815/posts/2163118663993906',NULL,0,'2019-11-25',1574861504,1574861504,'PL'),(179,'Babie lato',2,'https://www.facebook.com/107959060574412/posts/156532079050443',NULL,0,'2019-11-25',1574861504,1574861504,'PL'),(180,'Rozdział 7: Szop? Samochód? Crash Panda!',6,'https://www.facebook.com/404634013674125/posts/595403921263799',NULL,0,'2019-11-24',1574861504,1574861504,'PL'),(181,'Brave New World – recenzja',43,'http://abcrpg.pl/2019/11/24/brave-new-world-recenzja/',NULL,0,'2019-11-24',1574861504,1574861504,'PL'),(182,'Roles for Social Encounters',17,'https://gnomestew.com/roles-for-social-encounters/',NULL,0,'2019-11-27',1574861536,1574861536,'ENG'),(183,'War of Wolves',23,'https://tenfootpole.org/ironspike/?p=6357',NULL,0,'2019-11-27',1574861536,1574861536,'ENG'),(184,'Unearthed Arcana: Psionics, Round Four',16,'https://www.tribality.com/2019/11/26/unearthed-arcana-psionics-round-four/',NULL,0,'2019-11-26',1574861536,1574861536,'ENG'),(185,'A Guide to Roleplaying Humans',16,'https://www.tribality.com/2019/11/26/a-guide-to-roleplaying-humans/',NULL,0,'2019-11-26',1574861536,1574861536,'ENG'),(186,'Game prep improvisational tips',16,'https://www.tribality.com/2019/11/26/game-prep-improvisational-tips/',NULL,0,'2019-11-26',1574861536,1574861536,'ENG'),(187,'Turning Character Deaths in D&D Into Deals that Benefit Game and Story',18,'https://dmdavid.com/tag/turning-dd-character-deaths-into-deal-that-benefits-game-and-story/',NULL,0,'2019-11-26',1574861536,1574861536,'ENG'),(188,'Gaming in Memory',15,'https://rollingboxcars.com/2019/11/25/gaming-in-memory/',NULL,0,'2019-11-25',1574861536,1574861536,'ENG'),(189,'First Time Larp',17,'https://gnomestew.com/first-time-larp/',NULL,0,'2019-11-25',1574861536,1574861536,'ENG'),(190,'Creating a Futuristic Campaign Setting P1',16,'https://www.tribality.com/2019/11/25/creating-a-futuristic-campaign-setting-p1/',NULL,0,'2019-11-25',1574861536,1574861536,'ENG'),(191,'The Forgotten Grottoes of the Sea Lords',23,'https://tenfootpole.org/ironspike/?p=6351',NULL,0,'2019-11-25',1574861536,1574861536,'ENG'),(192,'The Flow of Trap Detection',24,'http://slyflourish.com/flow_of_trap_detection.html',NULL,0,'2019-11-25',1574861536,1574861536,'ENG'),(193,'Maps: What’s On Your Table?',29,'https://theangrygm.com/maps-whats-on-your-table/',NULL,0,'2019-11-25',1574861536,1574861536,'ENG'),(194,'Appendix: Break Your Mapaholism',29,'https://theangrygm.com/appendix-break-your-mapaholism/',NULL,0,'2019-11-25',1574861536,1574861536,'ENG'),(195,'Game Master Tips: Starting Your First Campaign',47,'https://unpossiblejourneys.com/game-master-tips-starting-your-first-campaign/',NULL,0,'2019-11-25',1574861536,1574861536,'ENG'),(196,'The Kiasyd Bloodline for Vampire 5th Edition',27,'https://cavegirlgames.blogspot.com/2019/11/the-kiasyd-bloodline-for-vampire-5th.html',NULL,0,'2019-11-24',1574861536,1574861536,'ENG'),(197,'(D&D 5e) Temple of Old Faith',23,'https://tenfootpole.org/ironspike/?p=6342',NULL,0,'2019-11-23',1574861536,1574861536,'ENG'),(198,'Elsedra Rozjemcza Nawałnica',13,'https://www.facebook.com/1895172574028385/posts/2444013505810953',NULL,0,'2019-12-04',1575485041,1575485041,'PL'),(199,'Gry Świata Młodych II',48,'https://ursusludens.blogspot.com/2019/12/gry-swiata-modych-ii.html',NULL,0,'2019-12-04',1575485041,1575485041,'PL'),(200,'“Ofiara Mistrza”, czyli o zaangażowaniu i jego zgubnych skutkach',9,'https://www.facebook.com/2197446783670850/posts/2618751368207054',NULL,0,'2019-12-04',1575485041,1575485041,'PL'),(201,'Inspiracje wyciągnięte z książek',2,'https://www.facebook.com/107959060574412/posts/160149342022050',NULL,0,'2019-12-04',1575485041,1575485041,'PL'),(202,'Wrażenia z sesji czwartej edycji Kultu',1,'https://www.facebook.com/1714882952150815/posts/2181704072135365',NULL,0,'2019-12-03',1575485041,1575485041,'PL'),(203,'Pomysł do gry Mistrz Baśni',7,'https://www.facebook.com/1932707267024444/posts/2196767933951708',NULL,0,'2019-12-03',1575485041,1575485041,'PL'),(204,'Psychologia Potwora',9,'https://www.facebook.com/2197446783670850/posts/2614321608650030',NULL,0,'2019-12-02',1575485041,1575485041,'PL'),(205,'Moje D&D - Oficjalne reguły',1,'https://www.facebook.com/1714882952150815/posts/2163120133993759',NULL,0,'2019-12-02',1575485041,1575485041,'PL'),(206,'Grobowiec Gurana – loch do Grot i Gigantów',34,'https://posznurku.pl/materialy/grobowiec-gurana-loch-do-grot-i-gigantow/',NULL,0,'2019-12-02',1575485041,1575485041,'PL'),(207,'\"Na dnie smętnego jeziora\" - recenzja przygody do ZC',2,'https://www.facebook.com/107959060574412/posts/159403918763259',NULL,0,'2019-12-02',1575485041,1575485041,'PL'),(208,'Pisanie scenariuszy dla dzieci na przykładzie Jagodowego Lasu',7,'https://www.facebook.com/1932707267024444/posts/2178675782427590',NULL,0,'2019-12-02',1575485041,1575485041,'PL'),(209,'Czarna Caryca Demona Morr',13,'https://www.facebook.com/1895172574028385/posts/2440488306163473',NULL,0,'2019-11-29',1575485041,1575485041,'PL'),(210,'Wykuliśmy WGW - ale co dalej?',14,'https://www.facebook.com/150279362366378/posts/520813608646283',NULL,0,'2019-11-29',1575485041,1575485041,'PL'),(211,'Blueholme Journeymanne Rules',36,'https://zapiskipotwora.blogspot.com/2019/11/blueholme-journeymanne-rules.html',NULL,0,'2019-11-28',1575485041,1575485041,'PL'),(212,'Theophilia \"Szalona Tiffany\"',13,'https://www.facebook.com/1895172574028385/posts/2438873902991580',NULL,0,'2019-11-28',1575485041,1575485041,'PL'),(213,'Z notatnika alchemika #7 - Beszamel ala Gramel',12,'http://jaxoblog.blogspot.com/2019/11/z-notatnika-alchemika-7-beszamel-ala.html',NULL,0,'2019-11-28',1575485041,1575485041,'PL'),(214,'Dieter Berlich',13,'https://www.facebook.com/1895172574028385/posts/2437791249766512',NULL,0,'2019-11-27',1575485041,1575485041,'PL'),(215,'It’s Retcon Time!',17,'https://gnomestew.com/its-retcon-time/',NULL,0,'2019-12-04',1575485069,1575485069,'ENG'),(216,'The Misty Halls of Kalavorka',23,'https://tenfootpole.org/ironspike/?p=6369',NULL,0,'2019-12-04',1575485069,1575485069,'ENG'),(217,'Replicating the Lord of the Rings (The Replication of the Ring?)',21,'http://monstersandmanuals.blogspot.com/2019/12/replicating-lord-of-rings-replication.html',NULL,0,'2019-12-03',1575485069,1575485069,'ENG'),(218,'Hrud for Kill Team - final rules',27,'https://cavegirlgames.blogspot.com/2019/12/hrud-for-kill-team-final-rules.html',NULL,0,'2019-12-03',1575485069,1575485069,'ENG'),(219,'Hrud for Kill Team - the design process',27,'https://cavegirlgames.blogspot.com/2019/12/hrud-for-kill-team-design-process.html',NULL,0,'2019-12-03',1575485069,1575485069,'ENG'),(220,'A Guide to Roleplaying Dwarves',16,'https://www.tribality.com/2019/12/03/a-guide-to-roleplaying-dwarves/',NULL,0,'2019-12-03',1575485069,1575485069,'ENG'),(221,'Tube Screamer Dungeon- Part Two: Design and Refine',15,'https://rollingboxcars.com/2019/12/03/tube-screamer-dungeon-part-two-design-and-refine/',NULL,0,'2019-12-03',1575485069,1575485069,'ENG'),(222,'Monthly Encounter #04: The Oni that ruined Jinglenight (lvls 5-9)',16,'https://www.tribality.com/2019/12/03/monthly-encounter-04-the-oni-that-ruined-jinglenight-lvls-5-9/',NULL,0,'2019-12-03',1575485069,1575485069,'ENG'),(223,'Headspace: Dystopian Dreams Review',17,'https://gnomestew.com/headspace-dystopian-dreams-review/',NULL,0,'2019-12-03',1575485069,1575485069,'ENG'),(224,'Can a DM Have Monsters Kill Fallen Characters Without Bringing Hurt Feelings?',18,'https://dmdavid.com/tag/can-a-dm-have-monsters-kill-fallen-characters-without-bringing-hurt-feelings/',NULL,0,'2019-12-03',1575485069,1575485069,'ENG'),(225,'The Angry GM’s GameholeCon Seminars',29,'https://theangrygm.com/gameholecon-seminars/',NULL,0,'2019-12-03',1575485069,1575485069,'ENG'),(226,'LET\'S LOOK AT: Delta Green Handler\'s Guide',20,'http://throneofsalt.blogspot.com/2019/12/lets-look-at-delta-green-handlers-guide.html',NULL,0,'2019-12-03',1575485069,1575485069,'ENG'),(227,'[MODULE] Castle Xyntillan (NOW AVAILABLE!)',49,'https://beyondfomalhaut.blogspot.com/2019/12/module-castle-xyntillan-now-available.html',NULL,0,'2019-12-02',1575485069,1575485069,'ENG'),(228,'Just Out of Reach',33,'https://barkingalien.blogspot.com/2019/12/just-out-of-reach.html',NULL,0,'2019-11-30',1575485069,1575485069,'ENG'),(229,'Hexcrawl Addendum – Sketchy Hexcrawls',22,'https://thealexandrian.net/wordpress/43905/roleplaying-games/hexcrawl-addendum-sketchy-hexcrawls',NULL,0,'2019-12-02',1575485069,1575485069,'ENG'),(230,'Creating a Magic System P4',16,'https://www.tribality.com/2019/12/02/creating-a-magic-system-p4/',NULL,0,'2019-12-02',1575485069,1575485069,'ENG'),(231,'Salvation',23,'https://tenfootpole.org/ironspike/?p=6367',NULL,0,'2019-12-02',1575485069,1575485069,'ENG'),(232,'Behind the Screen–Looking at GM Screens and What We Expect Them to Do',17,'https://gnomestew.com/behind-the-screen-looking-at-gm-screens-and-what-we-expect-them-to-do/',NULL,0,'2019-12-02',1575485069,1575485069,'ENG'),(233,'Lost Player Skills: Calling',29,'https://theangrygm.com/lost-player-skills-calling/',NULL,0,'2019-12-02',1575485069,1575485069,'ENG'),(234,'Running Ghosts of Saltmarsh Chapter 5, Isle of the Abbey',24,'http://slyflourish.com/isle_of_the_abbey.html',NULL,0,'2019-12-02',1575485069,1575485069,'ENG'),(235,'Thinking About Wilderness Travel – Part 2',22,'https://thealexandrian.net/wordpress/43901/roleplaying-games/thinking-about-wilderness-travel-part-2',NULL,0,'2019-12-01',1575485069,1575485069,'ENG'),(236,'Thinking About Wilderness Travel',22,'https://thealexandrian.net/wordpress/43899/roleplaying-games/thinking-about-wilderness-travel',NULL,0,'2019-11-27',1575485069,1575485069,'ENG'),(237,'Ten Magical Items',20,'http://throneofsalt.blogspot.com/2019/11/ten-magical-items.html',NULL,0,'2019-11-30',1575485069,1575485069,'ENG'),(238,'Unearthed Arcana: Class Feature Variants',50,'https://thekindgm.wordpress.com/2019/11/30/unearthed-arcana-class-feature-variants/',NULL,0,'2019-11-30',1575485069,1575485069,'ENG'),(239,'(D&D 5e) The Tomb of Black Sand',23,'https://tenfootpole.org/ironspike/?p=6347',NULL,0,'2019-11-30',1575485069,1575485069,'ENG'),(240,'Eastern Gothic – Creatures of Slavic Folklore (Part 2)',30,'https://daemonsanddeathrays.wordpress.com/2019/11/29/eastern-gothic-part-2/',NULL,0,'2019-11-30',1575485069,1575485069,'ENG'),(241,'Martians pt.1: TNT Character Types',28,'https://weirdwonderfulworlds.blogspot.com/2019/11/martians-pt1-tnt-character-types.html',NULL,0,'2019-11-29',1575485069,1575485069,'ENG'),(242,'So You Want to Write an Asian Campaign Setting (Part 1: Historical China)',17,'https://gnomestew.com/so-you-want-to-write-an-asian-campaign-setting-part-1-historical-china/',NULL,0,'2019-11-29',1575485069,1575485069,'ENG'),(243,'Unusual Resources',17,'https://gnomestew.com/unusual-resources/',NULL,0,'2019-11-29',1575485069,1575485069,'ENG'),(244,'[REVIEW] Wormskin #01–#08',49,'https://beyondfomalhaut.blogspot.com/2019/11/review-wormskin-0108.html',NULL,0,'2019-11-29',1575485069,1575485069,'ENG'),(245,'Lost Player Skills: Mapping',29,'https://theangrygm.com/lost-player-skills-mapping/',NULL,0,'2019-11-29',1575485069,1575485069,'ENG'),(246,'On GNS in my OSR? It\'s more likely than you think.',51,'https://hackslashmaster.blogspot.com/2019/11/on-gns-in-my-osr-its-more-likely-than.html',NULL,0,'2019-11-29',1575485069,1575485069,'ENG'),(247,'Random GM Tip – Your Hidden Toolbox',22,'https://thealexandrian.net/wordpress/43886/roleplaying-games/random-gm-tip-your-hidden-toolbox',NULL,0,'2019-11-26',1575485069,1575485069,'ENG'),(248,'Visit Beautiful Barsoom – A Review of the John Carter of Mars RPG',15,'https://rollingboxcars.com/2019/11/27/visit-beautiful-barsoom-a-review-of-the-john-carter-of-mars-rpg/',NULL,0,'2019-11-27',1575485069,1575485069,'ENG'),(250,'Ulrica „Wilczyca” Teuber',13,'https://www.facebook.com/1895172574028385/posts/2450285935183710',NULL,0,'2019-12-10',1576074044,1576074044,'PL'),(251,'Skoro sprawy przybrały taki obrót...',5,'https://wolfgangschwarzenatter.blogspot.com/2019/12/skoro-sprawy-przybray-taki-obrot.html',NULL,0,'2019-12-10',1576074044,1576074044,'PL'),(252,'Rudygard Marshmallow i jego przygody',52,'http://nakedfemalegiant.pl/rudygard-marshmallow-i-jego-przygody/',NULL,0,'2019-12-09',1576074044,1576074044,'PL'),(253,'Klanar',13,'https://www.facebook.com/1895172574028385/posts/2450141508531486',NULL,0,'2019-12-09',1576074044,1576074044,'PL'),(254,'Macusie choć pyszne, mogą się przejeść',2,'https://www.facebook.com/107959060574412/posts/161463981890586',NULL,0,'2019-12-09',1576074044,1576074044,'PL'),(255,'Moje D&D - Hack &Slash!',1,'https://www.facebook.com/1714882952150815/posts/2163120713993701',NULL,0,'2019-12-09',1576074044,1576074044,'PL'),(256,'Plan warsztatów “Mapy i scenariusze” + prezentacja',7,'https://www.facebook.com/1932707267024444/posts/2201662626795572',NULL,0,'2019-12-09',1576074044,1576074044,'PL'),(257,'Background postaci w D&D',42,'https://roberdponury.blogspot.com/2019/12/background-postaci-w-d.html',NULL,0,'2019-12-08',1576074044,1576074044,'PL'),(258,'Rozdział 8: Tam, gdzie rosną jagody.',6,'https://www.facebook.com/404634013674125/posts/607078333429691',NULL,0,'2019-12-08',1576074044,1576074044,'PL'),(259,'Naiwność Graczy i nie tylko',53,'https://www.facebook.com/102027707950968/posts/108916883928717',NULL,0,'2019-12-07',1576074044,1576074044,'PL'),(260,'Granie bez drużyny',54,'https://www.facebook.com/505922466576455/posts/746849295817103',NULL,0,'2019-12-05',1576074044,1576074044,'PL'),(261,'Bohaterowie Umierają',53,'https://www.facebook.com/102027707950968/posts/106697254150680',NULL,0,'2019-12-05',1576074044,1576074044,'PL'),(262,'Who You Gonna Call? A Review of the Classic Ghostbusters RPG',15,'https://rollingboxcars.com/2019/12/11/who-you-gonna-call-a-review-of-the-classic-ghostbusters-rpg/',NULL,0,'2019-12-11',1576074084,1576074084,'ENG'),(264,'The Isle of Forgotten Gods',23,'https://tenfootpole.org/ironspike/?p=6392','',0,'2019-12-11',1576074084,1578476701,'ENG'),(266,'On Violence: The Irishman, In Bruges, You Were Never Really Here',21,'http://monstersandmanuals.blogspot.com/2019/12/on-violence-irishman-in-bruges-you-were.html',NULL,0,'2019-12-10',1576074084,1576074084,'ENG'),(267,'Rusted Swords & Nice Boys: Gender in Sleepaway',32,'http://briebeau.com/thoughty/2019/12/gender-in-sleepaway/',NULL,0,'2019-12-10',1576074084,1576074084,'ENG'),(268,'A Guide to Roleplaying Halfling',16,'https://www.tribality.com/2019/12/10/a-guide-to-roleplaying-halfling/',NULL,0,'2019-12-10',1576074084,1576074084,'ENG'),(269,'A guide to Hexcrawling, Part 2: New Hexcrawling mechanic',16,'https://www.tribality.com/2019/12/10/a-guide-to-hexcrawling-part-2-new-hexcrawling-mechanic/',NULL,0,'2019-12-10',1576074084,1576074084,'ENG'),(270,'Print My Custom D&D DM Screen to Defeat the Basilisk',18,'https://dmdavid.com/tag/print-my-custom-dd-dm-screen-to-defeat-the-basilisk/',NULL,0,'2019-12-10',1576074084,1576074084,'ENG'),(271,'Hexology Revisited: What is in a Hex?',21,'http://monstersandmanuals.blogspot.com/2019/12/hexology-revisited-what-is-in-hex.html',NULL,0,'2019-12-09',1576074084,1576074084,'ENG'),(272,'Carving Your Own Corner of a Galaxy Far, Far Away',15,'https://rollingboxcars.com/2019/12/09/carving-your-own-corner-of-a-galaxy-far-far-away/',NULL,0,'2019-12-09',1576074084,1576074084,'ENG'),(273,'Examining Big Hero 6:  Character Origins for your games',16,'https://www.tribality.com/2019/12/09/examining-big-hero-6-character-origins-for-your-games/',NULL,0,'2019-12-09',1576074084,1576074084,'ENG'),(274,'Encephalon Gorgers on the Moon',23,'https://tenfootpole.org/ironspike/?p=6376',NULL,0,'2019-12-09',1576074084,1576074084,'ENG'),(275,'Timing and Pacing Adventures',24,'http://slyflourish.com/timing_and_pacing_adventures.html',NULL,0,'2019-12-09',1576074084,1576074084,'ENG'),(276,'Class - The Corpse Doll',27,'https://cavegirlgames.blogspot.com/2019/12/class-corpse-doll.html',NULL,0,'2019-12-09',1576074084,1576074084,'ENG'),(277,'Freedom, Ethics and Self-Enactment',21,'http://monstersandmanuals.blogspot.com/2019/12/freedom-ethics-and-self-enactment.html',NULL,0,'2019-12-08',1576074084,1576074084,'ENG'),(278,'[BEYONDE] Random Encounter in Ohio',49,'https://beyondfomalhaut.blogspot.com/2019/12/beyonde-random-encounter-in-ohio.html',NULL,0,'2019-12-07',1576074084,1576074084,'ENG'),(279,'(D&D 5e) The Howling Caverns',23,'https://tenfootpole.org/ironspike/?p=6362',NULL,0,'2019-12-07',1576074084,1576074084,'ENG'),(280,'What Makes an Antagonistic Group Problematic?',25,'https://mythcreants.com/blog/what-makes-an-antagonistic-group-problematic/',NULL,0,'2019-12-07',1576074084,1576074084,'ENG'),(281,'Ramon’s Guide to Strange Realities and Stranger Planes',30,'https://daemonsanddeathrays.wordpress.com/2019/12/06/ramons-guide-to-strange-realities-and-stranger-planes/',NULL,0,'2019-12-07',1576074084,1576074084,'ENG'),(282,'The Life Cycle of a Fighter',19,'https://sheepandsorcery.blogspot.com/2019/12/the-life-cycle-of-fighter.html',NULL,0,'2019-12-06',1576074084,1576074084,'ENG'),(283,'Christmas Themed Adventures',16,'https://www.tribality.com/2019/12/06/christmas-themed-adventures-2019/',NULL,0,'2019-12-06',1576074084,1576074084,'ENG'),(284,'Class - The Abyss Mystic',27,'https://cavegirlgames.blogspot.com/2019/12/class-abyss-mystic.html',NULL,0,'2019-12-05',1576074084,1576074084,'ENG'),(285,'Random Worldbuilding – The Nation in History',22,'https://thealexandrian.net/wordpress/43919/roleplaying-games/random-worldbuilding-the-nation-in-history',NULL,0,'2019-12-05',1576074084,1576074084,'ENG'),(286,'Useful Tips for Convention Gamemasters',15,'https://rollingboxcars.com/2019/12/05/useful-tips-for-convention-gamemasters/',NULL,0,'2019-12-05',1576074084,1576074084,'ENG'),(287,'Alternate Barbarian Rages',16,'https://www.tribality.com/2019/12/05/alternate-barbarian-rages/',NULL,0,'2019-12-05',1576074084,1576074084,'ENG'),(288,'Gamma Knights Review',28,'https://weirdwonderfulworlds.blogspot.com/2019/12/gamma-knights-review.html',NULL,0,'2019-12-05',1576074084,1576074084,'ENG'),(289,'One Way to Use Trello as a Game Master',47,'https://unpossiblejourneys.com/one-way-to-use-trello-as-a-game-master/',NULL,0,'2019-12-05',1576074084,1576074084,'ENG'),(290,' Wysoka Magia - recenzja pierwszego dodatku do Fate Core PL',55,'https://www.facebook.com/notes/twierdza-fantastyki/wysoka-magia-recenzja-pierwszego-dodatku-do-fate-core-pl/2955435321143023/','',0,'2019-12-25',1578396120,1578396120,'PL'),(291,'Wysoka magia - recenzja polskiego dodatku do Fate Core',56,'https://www.facebook.com/notes/daily-kraken/wysoka-magia-recenzja-polskiego-dodatku-do-fate-core/10157986557870879/','',0,'2019-12-31',1578396171,1578443715,'PL'),(292,'„Alignment” postaci. Wzorce Dungeons & Dragons a homebrew Szmaragdowy Las.',5,'https://wolfgangschwarzenatter.blogspot.com/2020/01/alignment-postaci-wzorce-dungeons.html','',0,'2020-01-07',1578396880,1578443935,'PL'),(293,'Trzeba karmić ogień - recenzja scenariusza do ZC',2,'https://www.facebook.com/107959060574412/posts/170895720947412',NULL,0,'2020-01-07',1578396880,1578396880,'PL'),(294,'Z notatnika alchemika #9 - Fall of London',12,'http://jaxoblog.blogspot.com/2020/01/z-notatnika-alchemika-9-fall-of-london.html','',0,'2020-01-07',1578396880,1578447091,'PL'),(295,'Mind-mapping a RPG',46,'https://www.facebook.com/1337468603044913/posts/1748036931988076','Sposób na zapisywanie pomysłów na scenariusze.',0,'2020-01-06',1578396880,1578447043,'PL'),(296,'Odgrywanie Karty  Postaci',53,'https://www.facebook.com/102027707950968/posts/125517975601941','Bardzo ciekawy wpis dla wszystkich chcących podrasować warsztat gracza.',0,'2020-01-06',1578396880,1578443450,'PL'),(297,'Co Mistrz Gry musi wiedzieć?',57,'https://rpg-porady.blogspot.com/2020/01/co-mistrz-gry-musi-wiedziec.html',NULL,0,'2020-01-06',1578396880,1578396880,'PL'),(298,'Moje D&D - Otwarte przygody',1,'https://www.facebook.com/1714882952150815/posts/2163123377326768',NULL,0,'2020-01-06',1578396880,1578396880,'PL'),(299,'Widmo nad Ustką - relacja z przygody do Zew Cthulhu',58,'https://aktywnywszalenstwie.blogspot.com/2020/01/widmo-nad-ustka-relacja-z-przygody-do.html',NULL,0,'2020-01-04',1578396880,1578396880,'PL'),(300,'Wspomagacze dziecięcego MG: Weźmiesz czarno kurę...',6,'https://www.facebook.com/404634013674125/posts/630796914391166','\"Kreatywna kradzież\" jako sposób na szybkie tworzenie przygód',0,'2020-01-03',1578396880,1578443182,'PL'),(301,'Ukryte testy',1,'https://www.facebook.com/1714882952150815/posts/2209395819366190',NULL,0,'2020-01-03',1578396880,1578396880,'PL'),(302,'Co ma wisieć, nie utonie - czyli po co nam samobójstwa w grach RPG?',9,'https://www.facebook.com/2197446783670850/posts/2682444848504372',NULL,0,'2020-01-02',1578396880,1578396880,'PL'),(303,'POSTP czyli lepszy prep',54,'https://www.facebook.com/505922466576455/posts/772659946569371',NULL,0,'2020-01-02',1578396880,1578396880,'PL'),(304,'25 lat',59,'http://www.blekitnyswit.pl/2019/12/31/25-lat/','',0,'2019-12-31',1578396880,1578442639,'PL'),(305,'Poziomy bohaterów w D&D',1,'https://www.facebook.com/1714882952150815/posts/2206269196345519','',0,'2019-12-31',1578396880,1578442389,'PL'),(306,'Do trzech razy Worldcon',59,'http://www.blekitnyswit.pl/2019/12/30/do-trzech-razy-worldcon/','',0,'2019-12-30',1578396880,1578442270,'PL'),(307,'Rozdział 0a: W co by tu zagrać? Erpeżki dla dzieci',6,'https://www.facebook.com/404634013674125/posts/626606261476898',NULL,0,'2019-12-30',1578396880,1578396880,'PL'),(308,'Scheherazade – recenzja systemu',2,'https://www.facebook.com/107959060574412/posts/168419571195027',NULL,0,'2019-12-30',1578396880,1578396880,'PL'),(309,'Moje D&D - Żyjące światy.',1,'https://www.facebook.com/1714882952150815/posts/2163122900660149','',0,'2019-12-30',1578396880,1578442002,'PL'),(310,'Alien RPG – Karta postaci PL',45,'https://kbender.net/2019/12/30/alien-karta-postaci-pl/',NULL,0,'2019-12-29',1578396880,1578396880,'PL'),(311,'Alien RPG – Errata',45,'https://kbender.net/2019/12/29/alien-rpg-errata/','',0,'2019-12-29',1578396880,1578441628,'PL'),(312,'Okucia do książek, czyli podrasuj erpeżka',7,'https://www.facebook.com/1932707267024444/posts/2219380465023788','',0,'2019-12-28',1578396880,1578441587,'PL'),(313,'Czego (jeszcze) uczy RPG?',1,'https://www.facebook.com/1714882952150815/posts/2203673959938376',NULL,0,'2019-12-28',1578396880,1578396880,'PL'),(314,'W co by tu zagrać? Erpeżki z kotami',6,'https://www.facebook.com/404634013674125/posts/623895405081317','',0,'2019-12-27',1578396880,1578441379,'PL'),(315,'Moje D&D - Tempo akcji',1,'https://www.facebook.com/1714882952150815/posts/2163122363993536',NULL,0,'2019-12-23',1578396880,1578396880,'PL'),(316,'Muzycznie wykolejeni',53,'https://www.facebook.com/102027707950968/posts/118617442958661','',1,'2019-12-21',1578396880,1578436802,'PL'),(317,'5 Dowodów Rozwoju na Koniec Dekady',54,'https://www.facebook.com/505922466576455/posts/760530381115661','Rozwinięcie poprzedniego wpisu o postępie w rozwoju gier fabularnych.',0,'2019-12-20',1578396880,1578436422,'PL'),(318,'Rozdział 9: Niezwykłe Opowieści',6,'https://www.facebook.com/404634013674125/posts/617236612413863','',0,'2019-12-19',1578396880,1578436185,'PL'),(320,'Louen Leoncoeur',13,'https://www.facebook.com/1895172574028385/posts/2443988785813425',NULL,0,'2019-12-18',1578396880,1578396880,'PL'),(321,'W co zagrać #18 - W Dzikim Świecie',12,'http://jaxoblog.blogspot.com/2019/12/w-co-zagrac-18-w-dzikim-swiecie.html','',1,'2019-12-17',1578396880,1578435769,'PL'),(322,'(B/X) Old-School Essentials',60,'https://hyperborea.video.blog/2019/12/16/b-x-old-school-essentials/','',1,'2019-12-16',1578396880,1578435323,'PL'),(323,'Moje D&D - Oficjalne źródła',1,'https://www.facebook.com/1714882952150815/posts/2163121807326925','Inspiracje do korzystania z oficjalnych źródeł poprzednich edycji D&D.',1,'2019-12-16',1578396880,1578435214,'PL'),(324,'Dom, którego nie ma - recenzja przygody do ZC',2,'https://www.facebook.com/107959060574412/posts/164064644963853','Ze zbioru Usłysz Zew Chtulhu.',0,'2019-12-16',1578396880,1578446919,'PL'),(325,'Czy NPC mają duszę?',53,'https://www.facebook.com/102027707950968/posts/114739750013097','Po wstępie przywodzącym na myśl fabułę Westworld, znaleźć można w tym wpisie przepis na tworzenie wielowymiarowych, improwizowanych bohaterów niezależnych.',1,'2019-12-14',1578396880,1578434625,'PL'),(326,'Kolejne 100 drobiazgów do D&D 5e',11,'https://skalawyzwania.pl/faerun-100-drobiazgow-dnd-5e/?utm_source=rss&utm_medium=rss&utm_campaign=faerun-100-drobiazgow-dnd-5e','Generator drobiazgów do znalezienia w kieszeniach NPCów, skrzyniach, workach i porzuconych plecakach.',0,'2019-12-13',1578396880,1578434082,'PL'),(327,'Palace of the Vampire Queen – nowe (ale stare) wydanie',60,'https://hyperborea.video.blog/2019/12/13/palace-of-the-vampire-queen-nowe-ale-stare-wydanie/','',0,'2019-12-13',1578396880,1578433880,'PL'),(328,'Postęp i rozwój',54,'https://www.facebook.com/505922466576455/posts/753313661837333','O istocie rozwoju w grach fabularnych.',0,'2019-12-12',1578396880,1578433679,'PL'),(329,'Thorbor Thrungromsson',13,'https://www.facebook.com/1895172574028385/posts/2452746034937700',NULL,0,'2019-12-12',1578396880,1578396880,'PL'),(330,'Aldred Dunn-Zucaro',13,'https://www.facebook.com/1895172574028385/posts/2451252291753741',NULL,0,'2019-12-11',1578396880,1578396880,'PL'),(331,'Władca Pierścieni a RPG - historia złośliwa',14,'https://www.facebook.com/150279362366378/posts/527469274647383','Nasz scenowy kronikarz, Tomek Kreczmar tym razem przedstawia historię gier RPG (i nie tylko) związanych ze Śródziemiem.',1,'2019-12-11',1578396880,1578446810,'PL'),(332,'Zarządzanie obciążeniem w rpg – nuda, udręka, księgowość',60,'https://hyperborea.video.blog/2019/12/11/zarzadzanie-obciazeniem-w-rpg-nuda-udreka-ksiegowosc/','Pomysł na pilnowanie ekwipunku.',0,'2019-12-11',1578396880,1578432176,'PL'),(333,'Preparowanie rzutów kośćmi',60,'https://hyperborea.video.blog/2019/12/04/preparowanie-rzutow-koscmi/',NULL,0,'2019-12-04',1578396880,1578396880,'PL'),(334,'Taxes',17,'https://gnomestew.com/taxes/',NULL,0,'2020-01-06',1578396977,1578396977,'ENG'),(335,'The Warrens of Zagash',23,'https://tenfootpole.org/ironspike/?p=6441',NULL,0,'2020-01-06',1578396977,1578396977,'ENG'),(336,'(5e) Blacksmith’s Folly',23,'https://tenfootpole.org/ironspike/?p=6437',NULL,0,'2020-01-04',1578396977,1578396977,'ENG'),(338,'A Dark Little Secret – A Review of The Shadow Over Providence',15,'https://rollingboxcars.com/2020/01/02/a-dark-little-secret-a-review-of-the-shadow-over-providence/',NULL,0,'2020-01-02',1578396977,1578396977,'ENG'),(339,'Faction ranks benefits for your players',16,'https://www.tribality.com/2020/01/02/faction-ranks-benefits-for-your-players/',NULL,0,'2020-01-02',1578396977,1578396977,'ENG'),(340,'Seven New Ship Upgrades',16,'https://www.tribality.com/2020/01/02/seven-new-ship-upgrades/',NULL,0,'2020-01-02',1578396977,1578396977,'ENG'),(341,'The Anatomy of the GM Curse',17,'https://gnomestew.com/the-anatomy-of-the-gm-curse/',NULL,0,'2020-01-01',1578396977,1578396977,'ENG'),(342,'The Trials of a Young Wizard',23,'https://tenfootpole.org/ironspike/?p=6434',NULL,0,'2020-01-01',1578396977,1578396977,'ENG'),(343,'How to F$%& CR: A Practical Example of Monster Building the Angry Way',29,'https://theangrygm.com/how-to-f-cr-practical-example-1/',NULL,0,'2020-01-01',1578396977,1578396977,'ENG'),(344,'A Guide to Roleplaying Gnomes',16,'https://www.tribality.com/2019/12/31/a-guide-to-roleplaying-gnomes/',NULL,0,'2019-12-31',1578396977,1578396977,'ENG'),(345,'Magical Languages (Sept Patreon Post)',20,'https://throneofsalt.blogspot.com/2019/12/magical-languages-sept-patreon-post.html',NULL,0,'2019-12-31',1578396977,1578396977,'ENG'),(347,'Two Factors for Game Mastering Success',17,'https://gnomestew.com/two-factors-for-game-mastering-success/',NULL,0,'2019-12-30',1578396977,1578396977,'ENG'),(348,'The Lost Treasure of Atlantis',23,'https://tenfootpole.org/ironspike/?p=6430',NULL,0,'2019-12-30',1578396977,1578396977,'ENG'),(349,'Building Legendary D&D Monsters in your Head',24,'http://slyflourish.com/building_legendary_monsters_in_your_head.html',NULL,0,'2019-12-30',1578396977,1578396977,'ENG'),(351,'Gamemastering Complex Published Settings',47,'https://unpossiblejourneys.com/gamemastering-complex-published-settings/',NULL,0,'2019-12-30',1578396977,1578396977,'ENG'),(352,'Contagion Options: Necrotizing Fasciitis',37,'https://d-infinity.net/blog/eric-lis/contagion-options-necrotizing-fasciitis',NULL,0,'2019-12-05',1578396977,1578396977,'ENG'),(354,'(5e) Depths of Felk Mor',23,'https://tenfootpole.org/ironspike/?p=6418',NULL,0,'2019-12-28',1578396977,1578396977,'ENG'),(355,'How to Tell a Story Within a Story',25,'https://mythcreants.com/blog/how-to-tell-a-story-within-a-story/',NULL,0,'2019-12-28',1578396977,1578396977,'ENG'),(356,'Worldbuilding: Create a festivity for your city/town',16,'https://www.tribality.com/2019/12/26/worldbuilding-create-a-festivity-for-your-city-town/',NULL,0,'2019-12-26',1578396977,1578396977,'ENG'),(357,'Unearthed Arcana Review: Twilight Domain Cleric',25,'https://mythcreants.com/blog/unearthed-arcana-review-twilight-domain-cleric/',NULL,0,'2019-12-26',1578396977,1578396977,'ENG'),(358,'The Fires of Mount Surtur',23,'https://tenfootpole.org/ironspike/?p=6423',NULL,0,'2019-12-25',1578396978,1578396978,'ENG'),(359,'A Guide to Roleplaying Goblins',16,'https://www.tribality.com/2019/12/24/a-guide-to-roleplaying-goblins/',NULL,0,'2019-12-24',1578396978,1578396978,'ENG'),(361,'Eastern Gothic – Creatures of Slavic Folklore (Part 3)',30,'https://daemonsanddeathrays.wordpress.com/2019/12/23/eastern-gothic-creatures-of-slavic-folklore-part-3/',NULL,0,'2019-12-24',1578396978,1578396978,'ENG'),(362,'Alternate Universes of Popular Franchises',28,'https://weirdwonderfulworlds.blogspot.com/2019/12/alternate-universes-of-popular.html',NULL,0,'2019-12-23',1578396978,1578396978,'ENG'),(363,'A Look at Grim & Perilous Random Dice Tables',15,'https://rollingboxcars.com/2019/12/23/a-look-at-grim-perilous-random-dice-tables/','',0,'2019-12-23',1578396978,1578475616,'ENG'),(364,'Closure and Finality – Parting is Such Sweet Sorrow',17,'https://gnomestew.com/closure-and-finality-parting-is-such-sweet-sorrow/',NULL,0,'2019-12-23',1578396978,1578396978,'ENG'),(365,'Misthollow Castle Review',23,'https://tenfootpole.org/ironspike/?p=6421',NULL,0,'2019-12-23',1578396978,1578396978,'ENG'),(366,'Balancing D&D Combat for One-on-One Play',24,'http://slyflourish.com/balancing_combat_for_one_on_one.html',NULL,0,'2019-12-23',1578396978,1578396978,'ENG'),(367,'LET\'S LOOK AT: Esoteric Enterprises - Complete',20,'http://throneofsalt.blogspot.com/2019/12/lets-look-at-esoteric-enterprises.html',NULL,0,'2019-12-22',1578396978,1578396978,'ENG'),(368,'(5e) Sickness of the Gnarley Forest',23,'https://tenfootpole.org/ironspike/?p=6412',NULL,0,'2019-12-21',1578396978,1578396978,'ENG'),(369,'Ramon’s Guide to Alternate Realities',30,'https://daemonsanddeathrays.wordpress.com/2019/12/20/ramons-guide-to-alternate-realities/',NULL,0,'2019-12-20',1578396978,1578396978,'ENG'),(370,'The Indie Game Shelf: Dinosaur Princesses',17,'https://gnomestew.com/the-indie-game-shelf-dinosaur-princesses/',NULL,0,'2019-12-20',1578396978,1578396978,'ENG'),(371,'Unearthed Arcana Review: Eloquence Bard',25,'https://mythcreants.com/blog/unearthed-arcana-review-eloquence-bard/',NULL,0,'2019-12-19',1578396978,1578396978,'ENG'),(372,'Long-Term Pursuit',16,'https://www.tribality.com/2019/12/18/long-term-pursuit/',NULL,0,'2019-12-18',1578396978,1578396978,'ENG'),(373,'It’s Ok To Stop A Good Game',17,'https://gnomestew.com/its-ok-to-stop-a-good-game/',NULL,0,'2019-12-18',1578396978,1578396978,'ENG'),(376,'Angry’s Amazing Adventure Templates',29,'https://theangrygm.com/angrys-amazing-adventure-templates/',NULL,0,'2019-12-18',1578396978,1578396978,'ENG'),(377,'A Guide to Roleplaying Dragonborn',16,'https://www.tribality.com/2019/12/17/a-guide-to-roleplaying-dragonborn/',NULL,0,'2019-12-17',1578396978,1578396978,'ENG'),(378,'Should We Fear The Ice Cream Man?',15,'https://rollingboxcars.com/2019/12/17/should-we-fear-the-ice-cream-man/',NULL,0,'2019-12-17',1578396978,1578396978,'ENG'),(379,'Demi-Human Level Limits, D&D Adventurers League, Open Rolls, and More From the Comment Section',18,'https://dmdavid.com/tag/demi-human-level-limits-dd-adventurers-league-open-rolls-and-more-from-the-comment-section/',NULL,0,'2019-12-17',1578396978,1578396978,'ENG'),(380,'Ironsworn Review',17,'https://gnomestew.com/ironsworn-review/','',0,'2019-12-17',1578396978,1578474543,'ENG'),(381,'Esoteric Enterprises Is Here',27,'https://cavegirlgames.blogspot.com/2019/12/esoteric-enterprises-is-here.html','',0,'2019-12-16',1578396978,1578474503,'ENG'),(382,'2d20 House Rule: Dedicated Momentum Pool',22,'https://thealexandrian.net/wordpress/43953/roleplaying-games/2d20-house-rule-dedicated-momentum-pool',NULL,0,'2019-12-16',1578396978,1578396978,'ENG'),(383,'Don’t Doubt Your Gaming Group',17,'https://gnomestew.com/dont-doubt-your-gaming-group/',NULL,0,'2019-12-16',1578396978,1578396978,'ENG'),(384,'The Vaults of Obryn Sapravda',23,'https://tenfootpole.org/ironspike/?p=6408','',0,'2019-12-16',1578396978,1578474116,'ENG'),(385,'Design Notes: Keeping Momentum in 2d20',22,'https://thealexandrian.net/wordpress/43947/roleplaying-games/design-notes-keeping-momentum-in-2d20','',0,'2019-12-15',1578396978,1578474004,'ENG'),(386,'Cypher v. Fate',22,'https://thealexandrian.net/wordpress/43935/roleplaying-games/cypher-v-fate','',0,'2019-12-14',1578396978,1578473864,'ENG'),(387,'(5e) The Hanged Man',23,'https://tenfootpole.org/ironspike/?p=6386',NULL,0,'2019-12-14',1578396978,1578396978,'ENG'),(388,'Why Some Dark Topics Are More Sensitive Than Others',25,'https://mythcreants.com/blog/why-some-dark-topics-are-more-sensitive-than-others/',NULL,0,'2019-12-14',1578396978,1578396978,'ENG'),(389,'Even MORE Commonly Confused Rules in D&D 5e',16,'https://www.tribality.com/2019/12/13/even-more-commonly-confused-rules-in-dd-5e/',NULL,0,'2019-12-14',1578396978,1578396978,'ENG'),(391,'Five Ways to Make Multiple Viewpoints More Engaging',25,'https://mythcreants.com/blog/five-ways-to-make-multiple-viewpoints-more-engaging/','Artykuł z poradami dla pisarzy, które wykorzystać można podczas tworzenia scenariuszy/kampanii.',0,'2019-12-13',1578396978,1578473445,'ENG'),(392,'Unearthed Arcana Review: Wild Soul Barbarian',25,'https://mythcreants.com/blog/unearthed-arcana-review-wild-soul-barbarian/','Nowy materiał, który torodroguje... toruje sobie drogę do oficjalnego wydania D&D.',0,'2019-12-12',1578396978,1578473357,'ENG'),(393,'A Guide to Roleplaying Aasimar',16,'https://www.tribality.com/2020/01/14/a-guide-to-roleplaying-aasimar/',NULL,0,'2020-01-14',1579017184,1579017184,'ENG'),(394,'The Anthropophagi of Xambaala',23,'https://tenfootpole.org/ironspike/?p=6446',NULL,0,'2020-01-08',1579017185,1579017185,'ENG'),(395,'My Guardian Monster – Nothing Ever Happens When There’s a Detour',15,'https://rollingboxcars.com/2020/01/08/my-guardian-monster-nothing-ever-happens-when-theres-a-detour/',NULL,0,'2020-01-08',1579017185,1579017185,'ENG'),(397,'Design Notes: Scenario Tools',22,'https://thealexandrian.net/wordpress/43990/roleplaying-games/design-notes-scenario-tools',NULL,0,'2020-01-08',1579017185,1579017185,'ENG'),(398,'Unearthed Arcana Review: Circle of Wildfire Druid',25,'https://mythcreants.com/blog/unearthed-arcana-review-circle-of-wildfire-druid/',NULL,0,'2020-01-09',1579017185,1579017185,'ENG'),(399,'Five Tips for Creating D&D Monsters',16,'https://www.tribality.com/2020/01/10/five-tips-for-creating-dd-monsters/',NULL,0,'2020-01-10',1579017185,1579017185,'ENG'),(400,'Organically-Grown Investigations',20,'https://throneofsalt.blogspot.com/2020/01/organically-grown-investigations.html',NULL,0,'2020-01-11',1579017185,1579017185,'ENG'),(401,'Great Evils of the Underworld – Killer Fiends',30,'https://daemonsanddeathrays.wordpress.com/2020/01/10/__trashed/',NULL,0,'2020-01-11',1579017185,1579017185,'ENG'),(402,'(5e) DDAL-EB-01 The Night Land',23,'https://tenfootpole.org/ironspike/?p=6450',NULL,0,'2020-01-11',1579017185,1579017185,'ENG'),(403,'Your Most Important Game',24,'http://slyflourish.com/your_most_important_game.html',NULL,0,'2020-01-13',1579017185,1579017185,'ENG'),(404,'The Dungeon of Kursh Velgont',23,'https://tenfootpole.org/ironspike/?p=6453','',0,'2020-01-13',1579017185,1579112583,'ENG'),(405,'The Indie Game Shelf: Cabal',17,'https://gnomestew.com/the-indie-game-shelf-cabal/','',0,'2020-01-13',1579017185,1579112725,'ENG'),(406,'Explorer’s Guide to Wildemount – Official 5e Critical Role Book',16,'https://www.tribality.com/2020/01/13/explorers-guide-to-wildemount-dd-5e/','',0,'2020-01-13',1579017185,1579112854,'ENG'),(407,'Brief Description of 5e Classes and Subclasses (Ideal to Show to your Players), Part 4',16,'https://www.tribality.com/2020/01/14/brief-description-of-5e-classes-and-subclasses-ideal-to-show-to-your-players-part-4/',NULL,0,'2020-01-14',1579017185,1579017185,'ENG'),(408,'Jestem Fanem #5 - Jestem Fanem Fail Forward i Success at cost',12,'http://jaxoblog.blogspot.com/2020/01/jestem-fanem-5-jestem-fanem-fail.html',NULL,0,'2020-01-08',1579017185,1579017185,'PL'),(409,'Louen Leoncoeur cz. 2',13,'https://www.facebook.com/1895172574028385/posts/2478861825659454',NULL,0,'2020-01-08',1579017185,1579017185,'PL'),(410,'Nadmiar',4,'https://wyjsciezpiwnicy.blogspot.com/2020/01/nadmiar.html',NULL,0,'2020-01-08',1579017185,1579017185,'PL'),(411,'Wargaming i zaraźliwa wysypka D&D',59,'http://www.blekitnyswit.pl/2020/01/08/wargaming-i-zarazliwa-wysypka-dd/',NULL,0,'2020-01-08',1579017185,1579017185,'PL'),(412,'Wiedźmiński Bestiariusz',35,'https://www.facebook.com/1507448822878986/posts/2336976216592905','',0,'2020-01-09',1579017185,1579114592,'PL'),(413,'Goci, odc. 15. Pogromcy hipogryfów',42,'https://roberdponury.blogspot.com/2020/01/goci-odc-15-pogromcy-hipogryfow.html',NULL,0,'2020-01-09',1579017185,1579017185,'PL'),(415,'PSG Tool 2.0',54,'https://www.facebook.com/505922466576455/posts/780243645811001',NULL,0,'2020-01-10',1579017185,1579017185,'PL'),(416,'Adventurers! nakładka The Elder Scrolls',34,'https://posznurku.pl/materialy/adventurers-nakladka-the-elder-scrolls/','',0,'2020-01-11',1579017185,1579114328,'PL'),(417,'Moje D&D - Własne detale',1,'https://www.facebook.com/1714882952150815/posts/2163123830660056',NULL,0,'2020-01-13',1579017185,1579017185,'PL'),(418,'Bioheist',2,'https://www.facebook.com/107959060574412/posts/174056750631309','',0,'2020-01-13',1579017185,1579113007,'PL'),(419,'Opowiedz sobie bajkę',57,'https://rpg-porady.blogspot.com/2020/01/opowiedz-sobie-bajke.html','Pomysł na trening dla Mistrza Gry',0,'2020-01-13',1579017185,1579113116,'PL'),(420,'Szmaragdowy Las. Odcinek 2: W paszczy ropuchy.',5,'https://wolfgangschwarzenatter.blogspot.com/2020/01/szmaragdowy-las-odcinek-2-w-paszczy.html','',0,'2020-01-13',1579017185,1579113200,'PL'),(421,'Życie bez zaimków',4,'https://wyjsciezpiwnicy.blogspot.com/2020/01/zycie-bez-zaimkow.html','Pomysł na rasę niziołków.',0,'2020-01-13',1579017185,1579114065,'PL'),(422,'Dwunastu Rycerzy Jergala',11,'https://skalawyzwania.pl/dwunastu-rycerzy-jergala/?utm_source=rss&utm_medium=rss&utm_campaign=dwunastu-rycerzy-jergala',NULL,0,'2020-01-14',1579017185,1579017185,'PL'),(423,'Polikarma: RPG na lekcjach języka',6,'https://www.facebook.com/404634013674125/posts/640464320091092','',0,'2020-01-14',1579017185,1579111928,'PL'),(424,'Dorośli w Jagodowym Lesie: raport i materiały z sesji',7,'https://www.facebook.com/1932707267024444/posts/2235917193370115','',0,'2020-01-14',1579017185,1579111996,'PL'),(425,'Z notatnika alchemika #10 - Gamma Quadrant Sourcebook',12,'http://jaxoblog.blogspot.com/2020/01/z-notatnika-alchemika-10-gamma-quadrant.html','',0,'2020-01-14',1579017185,1579112134,'PL'),(426,'Sesja I – Wzgórze Dagona i zaginiony legion',60,'https://hyperborea.video.blog/2020/01/14/sesja-i-wzgorze-dagona-i-zaginiony-legion/','',0,'2020-01-14',1579017185,1579112360,'PL'),(427,'Burning Dwarven Fortress #5 - sesja drogi',61,'https://allgemeinefestung.blogspot.com/2020/01/burning-dwarven-fortress-5-sesja-drogi.html','',0,'2020-01-17',1579460124,1579460690,'PL'),(428,'Okiem MG – 01 Dar Morra',62,'https://wcieniuimperium.pl/index.php/2020/01/17/okiem-mg-01-dar-morra/?utm_source=rss&utm_medium=rss&utm_campaign=okiem-mg-01-dar-morra',NULL,0,'2020-01-17',1579460124,1579460124,'PL'),(429,'Louen Leoncoeur cz. 3, ostatnia',13,'https://www.facebook.com/1895172574028385/posts/2486475248231445',NULL,0,'2020-01-15',1579460124,1579460124,'PL'),(430,'Wiedźmiński czwartek',35,'https://www.facebook.com/1507448822878986/posts/2343692979254562','Wiedźmiński Bestiariusz',0,'2020-01-16',1579460124,1579493310,'PL'),(431,'Alien RPG: nieskończona amunicja',45,'https://kbender.net/2020/01/18/alien-rpg-nieskonczona-amunicja/','',0,'2020-01-18',1579460124,1579492577,'PL'),(432,'Kurs na Puerto Admiral - Tol Calen, Zima roku 2020.',12,'http://jaxoblog.blogspot.com/2020/01/kurs-na-puerto-admiral-tol-calen-zima.html',NULL,0,'2020-01-19',1579460124,1579460124,'PL'),(433,'Fits and Starts',33,'https://barkingalien.blogspot.com/2020/01/fits-and-starts.html',NULL,0,'2020-01-16',1579460124,1579460124,'ENG'),(434,'on tallking to monsters in BX',26,'https://jrients.blogspot.com/2020/01/on-tallking-to-monsters-in-bx.html','',0,'2020-01-16',1579460124,1579493233,'ENG'),(435,'Unearthed Arcana Review: Rune Knight Fighter',25,'https://mythcreants.com/blog/rune-knight-fighter/',NULL,0,'2020-01-16',1579460124,1579460124,'ENG'),(436,'Apparently I’m a 40-year-old man…',17,'https://gnomestew.com/apparently-im-a-40-year-old-man/',NULL,0,'2020-01-15',1579460124,1579460124,'ENG'),(437,'It’s Gnoll Time!',23,'https://tenfootpole.org/ironspike/?p=6460',NULL,0,'2020-01-15',1579460124,1579460124,'ENG'),(438,'The Lore of the Angryverse: Undead',29,'https://theangrygm.com/angryverse-lore-undead/',NULL,0,'2020-01-15',1579460124,1579460124,'ENG'),(439,'UA 2020: Subclasses, Part 1 Breakdown',16,'https://www.tribality.com/2020/01/15/ua-2020-subclasses-part-1-breakdown/',NULL,0,'2020-01-15',1579460124,1579460124,'ENG'),(440,'Josh Fox Interview – Last Fleet',17,'https://gnomestew.com/josh-fox-interview-last-fleet/','',0,'2020-01-17',1579460124,1579492640,'ENG'),(441,'Hacking EE Campaigns',27,'https://cavegirlgames.blogspot.com/2020/01/hacking-ee-campaigns.html',NULL,0,'2020-01-17',1579460124,1579460124,'ENG'),(443,'(5e) The Color of Chaos',23,'https://tenfootpole.org/ironspike/?p=6457',NULL,0,'2020-01-18',1579460124,1579460124,'ENG'),(444,'Minigame: Critical Roll Casino Dice Game',28,'https://weirdwonderfulworlds.blogspot.com/2020/01/minigame-critical-roll-casino-dice-game.html','Gra w grze do zastosowania na sesjach.',0,'2020-01-19',1579460124,1579491931,'ENG'),(445,'Building Character',33,'https://barkingalien.blogspot.com/2020/01/building-character.html','Opowieść o próbie stworzenia postaci do D&D.',0,'2020-01-19',1579460124,1579492287,'ENG'),(446,'Magazyn gier „Joker” i RPG',59,'http://www.blekitnyswit.pl/2020/01/15/magazyn-gier-joker-i-rpg/',NULL,0,'2020-01-14',1579460124,1579460124,'PL'),(447,'Cyberpunk',2,'https://www.facebook.com/107959060574412/posts/176951073675210','Co warto uaktualnić w Cyberpunku?',1,'2020-01-20',1579489722,1579490301,'PL'),(448,'Literackie korzenie D&D',42,'https://roberdponury.blogspot.com/2020/01/literackie-korzenie-d.html','Obszerny artykuł zawierający również odniesienie do polskich realiów.',0,'2020-01-20',1579489722,1579490949,'PL'),(449,'Rozwijanie umiejętności',57,'https://rpg-porady.blogspot.com/2020/01/rozwijanie-umiejetnosci.html',NULL,0,'2020-01-20',1579489722,1579489722,'PL'),(450,'Untested 5th Edition: Hydroid Monsters',22,'https://thealexandrian.net/wordpress/44003/roleplaying-games/untested-5th-edition-hydroid-monsters',NULL,0,'2020-01-19',1579489722,1579489722,'ENG'),(451,'The True History of the Conquest of New Spain',39,'https://signsinthewilderness.blogspot.com/2020/01/the-true-history-of-conquest-of-new.html','Inspiracje do RPG zaczerpnięte z książki o podboju Azteków dokonanym przez Cortésa.',0,'2020-01-20',1579489722,1579489883,'ENG'),(452,'Chariot of the Gods – pomoce na sesje',45,'https://kbender.net/2020/01/20/chariot-of-the-gods-pomoce-na-sesje/',NULL,0,'2020-01-20',1579496575,1579496575,'PL'),(453,'Sesja drogi wg Mansfelda - na przykładzie w Burning Wheel',61,'https://allgemeinefestung.blogspot.com/2020/01/sesja-drogi-wg-mansfelda-na-przykadzie.html',NULL,0,'2020-01-20',1579496575,1579496575,'PL'),(454,'Adventures in the Hundred Kingdoms',15,'https://rollingboxcars.com/2020/01/20/adventures-in-the-hundred-kingdoms/','Jeśli marzysz o graniu w settingu opartym o filipińskie legendy... teraz masz ku temu okazję. System okraszony jest prostą, ale miodną mechaniką.',0,'2020-01-20',1579496575,1579497384,'ENG'),(455,'Running Episodic Games',24,'http://slyflourish.com/running_episodic_games.html','Ciekawy, długi artykuł z pomysłem na prowadzenie kampanii, a mianowicie jej serializacja.',0,'2020-01-20',1579496575,1579497549,'ENG'),(456,'Death in a  Smoky Room: A (Mostly) System-Neutral Fantasy Murder Mystery',17,'https://gnomestew.com/death-in-a-smoky-room-a-mostly-system-neutral-fantasy-murder-mystery/','Dość uniwersalna przygoda do settingów zawierających magię.',0,'2020-01-20',1579496575,1579497926,'ENG'),(457,'Solar Sanctuary of the Cannibal Corpse',23,'https://tenfootpole.org/ironspike/?p=6469',NULL,0,'2020-01-20',1579496575,1579496575,'ENG'),(458,'Inspiracje dla krain wypaczonych przez Chaos',13,'https://www.facebook.com/1895172574028385/posts/2496851010527202','Wiersz i kilka obrazów.',0,'2020-01-28',1580177235,1580199739,'PL'),(459,'“Dzięki za grę” czyli o wdzięczności w grach RPG okiem Jakuba Romaneczki',9,'https://www.facebook.com/2197446783670850/posts/2736370493111807',NULL,0,'2020-01-28',1580177235,1580177235,'PL'),(460,'Przygotowanie do sesji zrzucone na graczy',46,'https://www.facebook.com/1337468603044913/posts/1788137841311318',NULL,0,'2020-01-28',1580177235,1580177235,'PL'),(461,'Laboratory of the Beast – Part 3: Upper Level (Areas 1-7)',22,'https://thealexandrian.net/wordpress/44027/roleplaying-games/laboratory-of-the-beast-part-3-upper-level-areas-1-7','',0,'2020-01-28',1580177235,1580200109,'ENG'),(462,'Monster Hunting Special Forces',28,'https://weirdwonderfulworlds.blogspot.com/2020/01/monster-hunting-special-forces.html',NULL,0,'2020-01-29',1580177235,1580177235,'ENG'),(463,'Laboratory of the Beast – Part 4: Upper Level (Areas 8-13)',22,'https://thealexandrian.net/wordpress/44032/roleplaying-games/laboratory-of-the-beast-part-4-upper-level-areas-8-13',NULL,0,'2020-01-28',1580177235,1580177235,'ENG'),(464,'The Florentine',20,'https://throneofsalt.blogspot.com/2020/01/the-florentine.html','Lista zakazanych książek do wykorzystania w przygodach w Zewie i wszelkich innych Cthulhu\'owych grach. Element szerszej akcji wśród zagranicznych blogerów.',0,'2020-01-27',1580177235,1580200731,'ENG'),(465,'Destroying Clever Maps',17,'https://gnomestew.com/destroying-clever-maps/','Błędy przy tworzeniu map.',0,'2020-01-27',1580177235,1580201298,'ENG'),(466,'The Commodification of Fun',21,'http://monstersandmanuals.blogspot.com/2020/01/the-commodification-of-fun.html','Refleksje na temat transmitowania sesji RPG',0,'2020-01-27',1580177235,1580201489,'ENG'),(467,'Laboratory of the Beast',22,'https://thealexandrian.net/wordpress/44020/roleplaying-games/laboratory-of-the-beast',NULL,0,'2020-01-26',1580177235,1580177235,'ENG'),(468,'Laboratory of the Beast – Part 2: Maps',22,'https://thealexandrian.net/wordpress/44024/roleplaying-games/laboratory-of-the-beast-part-2-maps',NULL,0,'2020-01-28',1580177235,1580177235,'ENG'),(469,'Using Experience Points To Make D&D More Compelling',18,'https://dmdavid.com/tag/using-experience-points-to-make-your-dd-game-more-compelling/',NULL,0,'2020-01-28',1580177235,1580177235,'ENG'),(471,'Island Hopping in Lowcountry Crawl',15,'https://rollingboxcars.com/2020/01/28/island-hopping-in-lowcountry-crawl/','',0,'2020-01-28',1580177235,1580200413,'ENG'),(472,'A Guide to Roleplaying Changelings',16,'https://www.tribality.com/2020/01/28/a-guide-to-roleplaying-changelings/',NULL,0,'2020-01-28',1580177235,1580177235,'ENG'),(473,'Rzut oka na Alien',1,'https://www.facebook.com/1714882952150815/posts/2229572897348482',NULL,0,'2020-01-27',1580177235,1580177235,'PL'),(474,'Notowania',57,'https://rpg-porady.blogspot.com/2020/01/notowania.html','Gra na giełdzie jako sposób pomnażania majątku bohaterów graczy.',0,'2020-01-27',1580177235,1580202033,'PL'),(475,'Combining the D&D Starter Set and Essentials Kit',24,'http://slyflourish.com/combining_starter_and_essentials.html',NULL,0,'2020-01-27',1580177235,1580177235,'ENG'),(476,'The Lizardmen of Illzathatch',23,'https://tenfootpole.org/ironspike/?p=6479',NULL,0,'2020-01-27',1580177235,1580177235,'ENG'),(477,'How Do I Keep the Authorities Out of My Plot?',25,'https://mythcreants.com/blog/how-do-i-keep-the-authorities-out-of-my-plot/',NULL,0,'2020-01-27',1580177235,1580177235,'ENG'),(478,'Fate Core: najciekawsze settingi część 2',63,'http://over9000internetz.blogspot.com/2020/01/fate-core-najciekawsze-settingi-czesc-2.html',NULL,0,'2020-01-26',1580177235,1580177235,'PL'),(479,'Słoneczny Szlak #18 Czarna Arka – FINAŁ',64,'https://idepozbroje.wordpress.com/2020/01/25/sloneczny-szlak-18-czarna-arka-final/',NULL,0,'2020-01-25',1580177235,1580177235,'PL'),(480,'XP Versus Milestone Advancement',18,'https://dmdavid.com/tag/xp-versus-milestone-advancement-at-least-we-can-all-agree-that-awarding-xp-just-for-combat-is-terrible/',NULL,0,'2020-01-21',1580177235,1580177235,'ENG'),(481,'Hydroid Monsters – Part 2: Sample Hydroids',22,'https://thealexandrian.net/wordpress/44006/roleplaying-games/hydroid-monsters-part-2-sample-hydroids',NULL,0,'2020-01-20',1580177235,1580177235,'ENG'),(482,'Brief description of Races & Subraces (Ideal to Show to your Players), Part 3',16,'https://www.tribality.com/2020/01/21/brief-description-of-races-subraces-ideal-to-show-to-your-players-part-3/',NULL,0,'2020-01-21',1580177235,1580177235,'ENG'),(483,'Random GM Tip – Swap Notes for Your GM Screen',22,'https://thealexandrian.net/wordpress/44011/roleplaying-games/random-gm-tip-swap-notes-for-your-gm-screen',NULL,0,'2020-01-21',1580177235,1580177235,'ENG'),(484,'Imp of the Perverse Review',17,'https://gnomestew.com/imp-of-the-perverse-review/','Recenzja systemu z settingiem w klimatach dzieł Poe\'go.',0,'2020-01-21',1580177235,1580204252,'ENG'),(485,'A Guide to Roleplaying Goliaths',16,'https://www.tribality.com/2020/01/21/a-guide-to-roleplaying-goliath/',NULL,0,'2020-01-21',1580177235,1580177235,'ENG'),(486,'Castle Xyntillan review',23,'https://tenfootpole.org/ironspike/?p=6475',NULL,0,'2020-01-22',1580177235,1580177235,'ENG'),(487,'An attempt to Destroy the Truth – The Sassoon Files Review',15,'https://rollingboxcars.com/2020/01/22/an-attempt-to-destroy-the-truth-the-sassoon-files-review/','Dodatek może być wykorzystany także w Gumshoe.',0,'2020-01-22',1580177235,1580203666,'ENG'),(488,'Finish Strong',17,'https://gnomestew.com/finish-strong/','O epilogach kampanii.',0,'2020-01-24',1580177235,1580202435,'ENG'),(490,'Round Robin',33,'https://barkingalien.blogspot.com/2020/01/round-robin.html','Sposób na rozgrywanie kampanii - o ile w grupie jest więcej niż jedna osoba chętna do prowadzenia.',0,'2020-01-24',1580177235,1580202604,'ENG'),(491,'Ramon’s Guide to the Lower Planes',30,'https://daemonsanddeathrays.wordpress.com/2020/01/24/ramons-guide-to-the-lower-planes/',NULL,0,'2020-01-25',1580177235,1580177235,'ENG'),(492,'(5e) Voice in the Machine',23,'https://tenfootpole.org/ironspike/?p=6464',NULL,0,'2020-01-25',1580177235,1580177235,'ENG'),(493,'JESTEM FANEM OPOWIADANIA O POSTACIACH',35,'https://www.facebook.com/1507448822878986/posts/2347389348884925',NULL,0,'2020-01-21',1580177235,1580177235,'PL'),(495,'Sesja II – Wzgórze Dagona – podejście drugie',60,'https://hyperborea.video.blog/2020/01/21/sesja-ii-wzgorze-dagona-podejscie-drugie/',NULL,0,'2020-01-21',1580177235,1580177235,'PL'),(496,'Louen Leoncoeur - cała notatka',13,'https://www.facebook.com/1895172574028385/posts/2491649531047350',NULL,0,'2020-01-22',1580177235,1580177235,'PL'),(497,'Goci, odc. 17. Trzej rębajłowie',42,'https://roberdponury.blogspot.com/2020/01/goci-odc-17-trzej-rebajowie.html',NULL,0,'2020-01-22',1580177235,1580177235,'PL'),(498,'Wiedźmiński Czwartek',35,'https://www.facebook.com/1507448822878986/posts/2349112232045970',NULL,0,'2020-01-23',1580177235,1580177235,'PL'),(499,'Lion & Dragon – Wojna Dwóch Róż w retro-stylu',60,'https://hyperborea.video.blog/2020/01/23/lion-dragon-wojna-dwoch-roz-w-retro-stylu/',NULL,0,'2020-01-23',1580177235,1580177235,'PL'),(500,'Szmaragdowy Las. Odcinek 3: W willi Flawiuszów.',5,'https://wolfgangschwarzenatter.blogspot.com/2020/01/szmaragdowy-las-odcinek-3-w-willi.html',NULL,0,'2020-01-23',1580177235,1580177235,'PL'),(501,'Niekoniecznie lubię optymalizować postacie.',61,'https://allgemeinefestung.blogspot.com/2020/01/niekoniecznie-lubie-optymalizowac.html',NULL,0,'2020-01-23',1580177235,1580177235,'PL'),(502,'Opowiadanie',13,'https://www.facebook.com/1895172574028385/posts/2493589174186719',NULL,0,'2020-01-23',1580177235,1580177235,'PL'),(503,'Kim jest (nie)dobry Mistrz Gry?',54,'https://www.facebook.com/505922466576455/posts/790852411416791','Polemika ze stwierdzeniem jakoby baniak był pusty.',0,'2020-01-23',1580177235,1580203541,'PL'),(504,'Co jest najważniejsze dla dobrego RPG?',35,'https://www.facebook.com/1507448822878986/posts/2349916188632241',NULL,0,'2020-01-24',1580177235,1580177235,'PL'),(505,'Magiczne Krasnoludki (dodatek)',7,'https://www.facebook.com/1932707267024444/posts/2246039169024584',NULL,0,'2020-01-26',1580177235,1580177235,'PL'),(506,'Zew głębin',2,'https://www.facebook.com/107959060574412/posts/182345239802460',NULL,0,'2020-01-26',1580177235,1580177235,'PL'),(507,'Year Zero Engine – o utracie zasobów',45,'https://kbender.net/2020/02/03/year-zero-engine-o-utracie-zasobow/','Wyjaśnienie logiki mechaniki utraty zasobów w Year Zero Engine (np. Alien)',0,'2020-02-03',1580748422,1580751083,'PL'),(508,'Planet of the Apes – Variation on a Theme',15,'https://rollingboxcars.com/2020/02/03/planet-of-the-apes-variation-on-a-theme/','Wprowadzanie ciekawych zmian w fabule znanych utworów/przygód na przykładzie pierwotnego scenariusza do Planety Małp.',0,'2020-02-03',1580748422,1580751587,'ENG'),(509,'Laboratory of the Beast – Part 9: Lower Level (Areas 1-10)',22,'https://thealexandrian.net/wordpress/44072/roleplaying-games/laboratory-of-the-beast-part-9-lower-level-areas-1-10',NULL,0,'2020-02-03',1580748422,1580748422,'ENG'),(510,'Thirteen Items',20,'https://throneofsalt.blogspot.com/2020/02/thirteen-items.html','Post będący odpowiedzią na challenge ogłoszony na twitterze.',0,'2020-02-03',1580748422,1580752010,'ENG'),(511,'GM Currencies and Building Trust',17,'https://gnomestew.com/gm-currencies-and-building-trust/','Polecam ten artykuł, jeśli do tej pory nie słyszałeś o metawalutach w RPG, albo jeśli nadal nie możesz się do nich, jako MG, przekonać.',0,'2020-02-03',1580748422,1580753162,'ENG'),(512,'An Easy Task',23,'https://tenfootpole.org/ironspike/?p=6495',NULL,0,'2020-02-03',1580748422,1580748422,'ENG'),(513,'Spending a Whole Day Preparing a D&D Game',24,'http://slyflourish.com/whole_day_dnd_prep.html','Mike Shea przedstawia swoje priorytety - listę rzeczy, które robi, gdy ma naprawdę dużo czasu na przygotowanie do sesji D&D. Rzecz jasna, większość pomysłów jest uniwersalna.',0,'2020-02-03',1580748422,1580749313,'ENG'),(514,'The Return of Ask Angry… No, For Real This Time',29,'https://theangrygm.com/the-return-of-ask-angry/','Angry GM deklaruje, że odpowie na ciekawe pytania wysłane na jego e-mail. Przy okazji zamieszcza kilka odpowiedzi na te, które otrzymał wcześniej.',0,'2020-02-03',1580748422,1580749872,'ENG'),(516,'Laboratory of the Beast – Part 7: Upper Level (Areas 27-34)',22,'https://thealexandrian.net/wordpress/44058/roleplaying-games/laboratory-of-the-beast-part-7-upper-level-areas-27-34',NULL,0,'2020-01-31',1580748422,1580748422,'ENG'),(517,'The Height of Annoyance',17,'https://gnomestew.com/the-height-of-annoyance/','Głos za sesją zero - pozwala ona na uniknięcie tłumienia frustracji.',0,'2020-01-31',1580748422,1580754187,'ENG'),(518,'How to F$%& CR: A Practical Example of Encounter Building the Angry Way',29,'https://theangrygm.com/how-to-f-cr-practical-example-2/',NULL,0,'2020-01-31',1580748422,1580748422,'ENG'),(519,'Laboratory of the Beast – Part 8: Lower Level',22,'https://thealexandrian.net/wordpress/44068/roleplaying-games/laboratory-of-the-beast-part-8-lower-level',NULL,0,'2020-01-31',1580748422,1580748422,'ENG'),(520,'The Dryad Queen Mother - October Patreon Post',20,'https://throneofsalt.blogspot.com/2020/01/the-dryad-queen-mother-october-patreon.html','Rozwinięcie krótkiego pomysłu na bóstwo podanego przez internetowy generator... pomysłów i innych przydatnych rzeczy do RPG.',0,'2020-02-01',1580748422,1580753593,'ENG'),(521,'Birds',31,'https://goblinpunch.blogspot.com/2020/01/birds.html','Zaczerpnięte z mitów pomysły na fantastyczne ptaki.',0,'2020-02-01',1580748422,1580753764,'ENG'),(522,'Six Overpowered Characters and How to Fix Them',25,'https://mythcreants.com/blog/six-overpowered-characters-and-how-to-fix-them/','Ćwiczenie na osłabianie przepakowanych bohaterów.',0,'2020-02-01',1580748422,1580753821,'ENG'),(523,'(5e) The Secret of Cedar Peak',23,'https://tenfootpole.org/ironspike/?p=6488',NULL,0,'2020-02-01',1580748422,1580748422,'ENG'),(525,'Minie pan pętle i dalej prosto',54,'https://www.facebook.com/505922466576455/posts/795965624238803',NULL,0,'2020-01-30',1580748422,1580748422,'PL'),(526,'Burning Dwarven Fortress #6 - krasnoludy są jak dzieci',61,'https://allgemeinefestung.blogspot.com/2020/01/burning-dwarven-fortress-6-krasnoludy.html',NULL,0,'2020-01-31',1580748422,1580748422,'PL'),(527,'Fate Core: najciekawsze settingi część 3',63,'https://over9000internetz.blogspot.com/2020/01/fate-core-najciekawsze-settingi-czesc-3.html',NULL,0,'2020-01-31',1580748422,1580748422,'PL'),(528,'Podsumowanie działalności',13,'https://www.facebook.com/1895172574028385/posts/2498960340316269',NULL,0,'2020-01-31',1580748422,1580748422,'PL'),(529,'Goci, odc. 18. Ten się śmieje, kto się śmieje ostatni',42,'https://roberdponury.blogspot.com/2020/01/goci-odc-18-ten-sie-smieje-kto-sie.html',NULL,0,'2020-01-31',1580748422,1580748422,'PL'),(530,'Sesja III – Kurhan Kaledonów',60,'https://hyperborea.video.blog/2020/02/01/sesja-iii-kurhan-kaledonow/',NULL,0,'2020-02-01',1580748422,1580748422,'PL'),(532,'RPG uczy i bawi: Niepełnosprawność ruchowa',6,'https://www.facebook.com/404634013674125/posts/652577958879728','Obszerny artykuł o przedstawianiu tematu niepełnosprawności na sesjach z dziećmi.',0,'2020-02-03',1580748422,1580750324,'PL'),(533,'Bohaterowie (jeszcze bardziej) Niezależni',57,'https://rpg-porady.blogspot.com/2020/02/bohaterowie-jeszcze-bardziej-niezalezni.html',NULL,0,'2020-02-03',1580748422,1580748422,'PL'),(534,'Karmiciel',2,'https://www.facebook.com/107959060574412/posts/188489225854728',NULL,0,'2020-02-03',1580748423,1580748423,'PL'),(536,'The Game Must Go On: When Procrastination Wrecks Your Gaming Life',29,'https://theangrygm.com/the-game-must-go-on/',NULL,0,'2020-01-29',1580748423,1580748423,'ENG'),(537,'Brief description of Eberron’s Dragonmarks (Ideal to Show to your Players), Part 1',16,'https://www.tribality.com/2020/01/29/brief-description-of-eberrons-dragonmarks-ideal-to-show-to-your-players-part-1/',NULL,0,'2020-01-29',1580748423,1580748423,'ENG'),(538,'At the High Point Inn',23,'https://tenfootpole.org/ironspike/?p=6484',NULL,0,'2020-01-29',1580748423,1580748423,'ENG'),(539,'Laboratory of the Beast – Part 5: Upper Level (Areas 14-17)',22,'https://thealexandrian.net/wordpress/44039/roleplaying-games/laboratory-of-the-beast-part-5-upper-level-areas-14-17',NULL,0,'2020-01-29',1580748423,1580748423,'ENG'),(540,'[REVIEW] The Abandoned Tower',49,'https://beyondfomalhaut.blogspot.com/2020/01/review-abandoned-tower.html',NULL,0,'2020-01-29',1580748423,1580748423,'ENG'),(541,'Laboratory of the Beast – Part 6: Upper Level (Areas 18-26)',22,'https://thealexandrian.net/wordpress/44043/roleplaying-games/laboratory-of-the-beast-part-6-upper-level-areas-18-26',NULL,0,'2020-01-29',1580748423,1580748423,'ENG'),(542,'Unearthed Arcana Review: Astral Self Monk',25,'https://mythcreants.com/blog/unearthed-arcana-review-astral-self-monk/',NULL,0,'2020-01-30',1580748423,1580748423,'ENG'),(544,'Ostrza skąpały się we krwi',1,'https://www.facebook.com/1714882952150815/posts/2230732373899201','',0,'2020-01-29',1580748423,1580909311,'PL'),(545,'Z notatnika alchemika #11 - Podgrodzie czyli Rzeczpospolita dziecięca',12,'http://jaxoblog.blogspot.com/2020/01/podgrodzie.html',NULL,0,'2020-01-29',1580748423,1580748423,'PL'),(546,'Orvas Dren, lord justycjariusz [Burning Wheel]',61,'https://allgemeinefestung.blogspot.com/2020/01/orvas-dren-lord-justycjariusz-burning.html',NULL,0,'2020-01-29',1580748423,1580748423,'PL'),(547,'Gnomy w burzy',4,'https://wyjsciezpiwnicy.blogspot.com/2020/01/gnomy-w-burzy.html',NULL,0,'2020-01-29',1580748423,1580748423,'PL'),(548,'Czarne Kurhany - recenzja',65,'https://www.facebook.com/220903125027356/posts/852870038497325',NULL,0,'2020-02-04',1580852915,1580852915,'PL'),(549,'Kościotrupy - recenzja',65,'https://www.facebook.com/220903125027356/posts/852864418497887',NULL,0,'2020-02-04',1580852915,1580852915,'PL'),(550,'Wyspa żywych trupów - recenzja',65,'https://www.facebook.com/220903125027356/posts/852861478498181',NULL,0,'2020-02-04',1580852915,1580852915,'PL'),(551,'Everything is Unique',21,'http://monstersandmanuals.blogspot.com/2020/02/everything-is-unique.html',NULL,0,'2020-02-04',1580852915,1580852915,'ENG'),(552,'JESTEM FANEM STORYARKÓW',35,'https://www.facebook.com/1507448822878986/posts/2357319607891899',NULL,0,'2020-02-04',1580852915,1580852915,'PL'),(553,'4 Pop-Culture Assumptions That Dungeons & Dragons Destroyed',18,'https://dmdavid.com/tag/4-pop-culture-assumptions-that-dungeons-dragons-destroyed/',NULL,0,'2020-02-04',1580852915,1580852915,'ENG'),(554,'Estoeric Enterprises Actual Play: TAKE-HOME CONTAINER',20,'https://throneofsalt.blogspot.com/2020/02/estoeric-enterprises-actual-play-take.html',NULL,0,'2020-02-04',1580852915,1580852915,'ENG'),(555,'UA 2020: Subclasses, Part 2 Breakdown',16,'https://www.tribality.com/2020/02/04/ua-2020-subclasses-part-2-breakdown/',NULL,0,'2020-02-04',1580852915,1580852915,'ENG'),(556,'Serce Smoka',66,'https://www.facebook.com/permalink.php?story_fbid=187709709265173&id=100694024633409&__tn__=K-R','',0,'2020-02-05',1580982062,1580982062,'PL'),(558,'The cyberdungeon project',27,'https://cavegirlgames.blogspot.com/2020/02/the-cyberdungeon-project.html','Autorka dzieli się informacjami na temat systemu, który sobie w domowym zaciszu szyje',0,'2020-02-10',1581099580,1581128113,'ENG'),(559,'Getting Started with Dungeons & Dragons',24,'http://slyflourish.com/getting_started_with_dnd.html','Poradnik dla początkujących',0,'2020-02-10',1581099580,1581128194,'ENG'),(561,'Where There’s a Will, OSR Adventure Review',23,'https://tenfootpole.org/ironspike/?p=6503',NULL,0,'2020-02-10',1581099580,1581099580,'ENG'),(562,'Advanced D20 Rules: Taint',22,'https://thealexandrian.net/wordpress/44098/roleplaying-games/advanced-d20-rules-taint',NULL,0,'2020-02-10',1581099580,1581099580,'ENG'),(563,'Burning Dwarven Fortress [Trait Vote nr 1]',61,'https://allgemeinefestung.blogspot.com/2020/02/burning-dwarven-fortress-trait-vote-nr-1.html',NULL,0,'2020-02-09',1581099580,1581099580,'PL'),(564,'Zaśpiewaj to jeszcze raz, Molly',2,'https://www.facebook.com/107959060574412/posts/192121235491527',NULL,0,'2020-02-10',1581099580,1581099580,'PL'),(565,'Szmaragdowy Las. Odcinek 4: W szponach rabusiów.',5,'https://wolfgangschwarzenatter.blogspot.com/2020/02/szmaragdowy-las-odcinek-4-w-szponach.html',NULL,0,'2020-02-10',1581099580,1581099580,'PL'),(566,'„Prawo jest prawem” na YouTube',67,'https://ifrytrpg.blogspot.com/2020/02/prawo-jest-prawem-na-youtube.html','Tekst z gatunku rzadko spotykanych w blogosferze, a mianowicie recenzja nagrywanej kampanii Warhammera rozegranej przez Lans Macabre',0,'2020-02-11',1581099580,1581126040,'PL'),(567,'Jestem fanem kampanii politycznych',35,'https://www.facebook.com/1507448822878986/posts/2363436793946847','Obszerny tekst wskazujący jak ugryźć kampanie oparte o rywalizacje frakcji',0,'2020-02-11',1581099580,1581126465,'PL'),(568,'Fear\'s Sharp Little Needles',8,'https://squirel-spg.blogspot.com/2020/02/zew-cthulhu-fears-sharp-little-needles.html','Recenzja zbioru mini-scenariuszy do Zewu',0,'2020-02-08',1581099580,1581129584,'PL'),(569,'Zrób to sam: Monetki i inne tokenki',6,'https://www.facebook.com/404634013674125/posts/659148601555997','',0,'2020-02-09',1581099580,1581129225,'PL'),(570,'Transparent DMing',21,'http://monstersandmanuals.blogspot.com/2020/02/transparent-dming.html','MG, który nie ma kostkowych tajemnic przed graczami',0,'2020-02-06',1581099580,1581529371,'ENG'),(571,'UA 2020: Subclasses, Part 2B Breakdown',16,'https://www.tribality.com/2020/02/07/ua-2020-subclasses-part-2b-breakdown/',NULL,0,'2020-02-07',1581099580,1581099580,'ENG'),(572,'How Storytellers Use Reactivity & Proactivity for Effect',25,'https://mythcreants.com/blog/how-storytellers-use-reactivity-proactivity-for-effect/',NULL,0,'2020-02-07',1581099580,1581099580,'ENG'),(573,'Random Worldbuilding – The Cultural Penumbra',22,'https://thealexandrian.net/wordpress/44086/roleplaying-games/random-worldbuilding-the-cultural-penumbra',NULL,0,'2020-02-07',1581099580,1581099580,'ENG'),(575,'Horrors of Xoriat – Daelkyrspawn',30,'https://daemonsanddeathrays.wordpress.com/2020/02/07/horrors-of-xoriat-daelkyrspawn/',NULL,0,'2020-02-07',1581099580,1581099580,'ENG'),(576,'Descent into Midnight – Preview',16,'https://www.tribality.com/2020/02/07/descent-into-midnight-preview/',NULL,0,'2020-02-08',1581099580,1581099580,'ENG'),(577,'Seven Tricks to Improve Your Minions',25,'https://mythcreants.com/blog/seven-tricks-to-improve-your-minions/',NULL,0,'2020-02-08',1581099580,1581099580,'ENG'),(578,'(5e) The Song of the Sun Queens',23,'https://tenfootpole.org/ironspike/?p=6501',NULL,0,'2020-02-08',1581099580,1581099580,'ENG'),(579,'Niespójne gry, czyli dlaczego RPGi oparte są na kłamstwie',54,'https://www.facebook.com/505922466576455/posts/800816760420356','Polecam dyskusję na temat PbtA w komentarzach',0,'2020-02-06',1581099580,1581533283,'PL'),(580,'Warsztat Jaxy',35,'https://www.facebook.com/1507448822878986/posts/2361083634182163','Karty funkcji do Star Treka (2d20)',0,'2020-02-08',1581099580,1581129940,'PL'),(581,'Opis prawdziwego świata z Kultu',1,'https://www.facebook.com/1714882952150815/posts/2236997266606045','...czyli jak nie pisać opisów świata ;-)',0,'2020-02-07',1581099580,1581535821,'PL'),(582,'Przygotowanie do bitwy – Bestiariusz',62,'https://wcieniuimperium.pl/index.php/2020/02/07/przygotowanie-do-bitwy-bestiariusz/?utm_source=rss&utm_medium=rss&utm_campaign=przygotowanie-do-bitwy-bestiariusz',NULL,0,'2020-02-07',1581099580,1581099580,'PL'),(583,'Czaszki i Mity 5: Dziedzictwo Tatr',68,'https://www.facebook.com/106327076066519/posts/2984435601588971',NULL,0,'2020-02-08',1581099580,1581099580,'PL'),(584,'Monastyr 16 lat później',63,'https://over9000internetz.blogspot.com/2020/02/monastyr-16-lat-pozniej.html','Raczej nostalgiczne wspomnienie niż recenzja',0,'2020-02-08',1581099580,1581130387,'PL'),(585,'Poświat #25 Podsumowanie 1 sezonu',64,'https://idepozbroje.wordpress.com/2020/02/05/poswiat-25-podsumowanie-1-sezonu/',NULL,0,'2020-02-05',1581099580,1581099580,'PL'),(586,'Powrót Gurczena, odc. 2',42,'https://roberdponury.blogspot.com/2020/02/powrot-gurczena-odc-2.html',NULL,0,'2020-02-05',1581099580,1581099580,'PL'),(587,'Gry Świata Młodych IV',48,'http://ursusludens.blogspot.com/2020/02/gry-swiata-modych-iv.html',NULL,0,'2020-02-05',1581099580,1581099580,'PL'),(588,'Wiedźmiński Czwartek - Rozważania o tronie Temerii',12,'http://jaxoblog.blogspot.com/2020/02/wiedzminski-czwartek-rozwazania-o.html',NULL,0,'2020-02-06',1581099580,1581099580,'PL'),(589,'Ask Angry: Morale Systems and Player Agency',29,'https://theangrygm.com/ask-angry-morale-and-agency/',NULL,0,'2020-02-06',1581099580,1581099580,'ENG'),(590,'Unearthed Arcana Review: Oath of Heroism Paladin',25,'https://mythcreants.com/blog/unearthed-arcana-review-oath-of-heroism-paladin/',NULL,0,'2020-02-06',1581099580,1581099580,'ENG'),(592,'Moodlists; Making Better Playlists',17,'https://gnomestew.com/moodlists-making-better-playlists/',NULL,0,'2020-02-05',1581099580,1581099580,'ENG'),(594,'Gangbusters B/X Edition Basic Rule Book',15,'https://rollingboxcars.com/2020/02/05/gangbusters-b-x-edition-basic-rule-book/',NULL,0,'2020-02-05',1581099580,1581099580,'ENG'),(595,'Laboratory of the Beast – Part 10: Lower Level (Areas 11-23)',22,'https://thealexandrian.net/wordpress/44079/roleplaying-games/laboratory-of-the-beast-part-10-lower-level-areas-11-23',NULL,0,'2020-02-05',1581099580,1581099580,'ENG'),(596,'Flying Fortress of the Celestial Order',23,'https://tenfootpole.org/ironspike/?p=6497',NULL,0,'2020-02-05',1581099580,1581099580,'ENG'),(597,'I Want to Believe',33,'https://barkingalien.blogspot.com/2020/02/i-want-to-believe.html','Odwieczny dylemat erpegowców: czy turlanie psuje immersję?',0,'2020-02-11',1581125551,1581127186,'ENG'),(598,'Exploring the Acolyte Background',16,'https://www.tribality.com/2020/02/11/exploring-the-acolyte-background/',NULL,0,'2020-02-11',1581125551,1581125551,'ENG'),(599,'Infinite Galaxies Review',17,'https://gnomestew.com/infinite-galaxies-review/','',0,'2020-02-11',1581125551,1581127465,'ENG'),(600,'11 Great Dungeon Master Tips Revealed at Winter Fantasy 2020',18,'https://dmdavid.com/tag/11-great-dungeon-master-tips-revealed-at-winter-fantasy-2020/',NULL,0,'2020-02-11',1581125551,1581125551,'ENG'),(601,'Ostrza pozostały w ukryciu',1,'https://www.facebook.com/1714882952150815/posts/2239928609646244',NULL,0,'2020-02-11',1581125551,1581125551,'PL'),(602,'Brief description of Eberron’s Dragonmarks (Ideal to Show to your Players), Part 2',16,'https://www.tribality.com/2020/02/12/brief-description-of-eberrons-dragonmarks-ideal-to-show-to-your-players-part-2/',NULL,0,'2020-02-12',1581525094,1581525094,'ENG'),(603,'Mike’s Dungeons',23,'https://tenfootpole.org/ironspike/?p=6508','',0,'2020-02-12',1581525094,1582026940,'ENG'),(604,'The Rest of the World of D&D According to Rosewater… According to Angry',29,'https://theangrygm.com/return-of-rosewater/',NULL,0,'2020-02-12',1581525094,1581525094,'ENG'),(605,'Unearthed Arcana: Fighter, Rogue, and Wizard Analysis',50,'https://thekindgm.wordpress.com/2020/02/11/unearthed-arcana-fighter-rogue-and-wizard-analysis/',NULL,0,'2020-02-11',1581525094,1581525094,'ENG'),(606,'Five or So Questions on Red Rook Revolt',32,'http://briebeau.com/thoughty/2020/02/five-or-so-questions-on-red-rook-revolt/',NULL,0,'2020-02-11',1581525094,1581525094,'ENG'),(607,'RPGs, Intimacy and Stand-Up',21,'http://monstersandmanuals.blogspot.com/2020/02/rpgs-intimacy-and-stand-up.html',NULL,0,'2020-02-11',1581525094,1581525094,'ENG'),(608,'Renard de Hirondelle - młodzieńczy szermierz [Burning Wheel]',61,'https://allgemeinefestung.blogspot.com/2020/02/renard-de-hirondelle-modzienczy.html',NULL,0,'2020-02-12',1581525094,1581525094,'PL'),(610,'RPG uczy i bawi: Osoby niesłyszące i niedosłyszące',6,'https://www.facebook.com/404634013674125/posts/655172015286989','Erpegowy Matecznik przez przypadek opublikowała dwa dłuższe posty na raz... doceńmy jej pracę i przekonajmy się co ma do powiedzenia na temat niepełnosprawności w RPG',0,'2020-02-11',1581525094,1581526348,'PL'),(611,'RPG uczy i bawi: Niepełnosprawności związane z mową i słuchem',6,'https://www.facebook.com/404634013674125/posts/655160895288101',NULL,0,'2020-02-11',1581525094,1581525094,'PL'),(612,'Stopień trudności a modyfikator do rzutu',57,'https://rpg-porady.blogspot.com/2020/02/stopien-trudnosci-modyfikator-do-rzutu.html',NULL,0,'2020-02-11',1581525094,1581525094,'PL'),(613,'Unearthed Arcana: Fighter, Rogue, and Wizard Analysis',50,'https://thekindgm.wordpress.com/2020/02/11/unearthed-arcana-fighter-rogue-and-wizard-analysis/',NULL,0,'2020-02-11',1581525094,1581525094,'ENG'),(614,'Czarny jak węgiel',2,'https://www.facebook.com/107959060574412/posts/199076568129327',NULL,0,'2020-02-17',1581939840,1581939840,'PL'),(615,'Gracze w ryzach scenariusza',57,'https://rpg-porady.blogspot.com/2020/02/gracze-w-ryzach-scenariusza.html',NULL,0,'2020-02-17',1581939840,1581939840,'PL'),(616,'Running Ghosts of Saltmarsh Chapter 8: The Styes',24,'http://slyflourish.com/gos_chapter_8_the_styes.html',NULL,0,'2020-02-17',1581939840,1581939840,'ENG'),(617,'Explorer’s Guide to Wildemount Announcement – First Thoughts',50,'https://thekindgm.wordpress.com/2020/02/16/explorers-guide-to-wildemount-announcement-first-thoughts/',NULL,0,'2020-02-16',1581939840,1581939840,'ENG'),(618,'Adul-Atpah, Undercity of the Corpse',20,'https://throneofsalt.blogspot.com/2020/02/adul-atpah-undercity-of-corpse.html',NULL,0,'2020-02-16',1581939840,1581939840,'ENG'),(619,'Quick Shot on Winter Harvest',32,'http://briebeau.com/thoughty/2020/02/quick-shot-on-winter-harvest/',NULL,0,'2020-02-16',1581939840,1581939840,'ENG'),(621,'Vancian magic and world building',69,'https://chaudronchromatique.blogspot.com/2020/02/vancian-magic-and-world-building.html',NULL,0,'2020-02-16',1581939840,1581939840,'ENG'),(622,'Całkowicie subiektywny przewodnik po Zjavie',6,'https://www.facebook.com/404634013674125/posts/664030494401141',NULL,0,'2020-02-16',1581939840,1581939840,'PL'),(623,'Psychologia antagonisty',9,'https://www.facebook.com/2197446783670850/posts/2778807365534786',NULL,0,'2020-02-16',1581939840,1581939840,'PL'),(624,'Sesja IV – W poszukiwaniu dymnego Lotosu',60,'https://hyperborea.video.blog/2020/02/16/sesja-iv-w-poszukiwaniu-dymnego-lotosu/',NULL,0,'2020-02-16',1581939840,1581939840,'PL'),(625,'Jakie prelekcje warto obejrzeć na Zjavie.',35,'https://www.facebook.com/1507448822878986/posts/2366674653623061',NULL,0,'2020-02-15',1581939840,1581939840,'PL'),(626,'Rozdział 11: Koty przeciw Przedwiecznym Bogom',6,'https://www.facebook.com/404634013674125/posts/663351134469077',NULL,0,'2020-02-15',1581939840,1581939840,'PL'),(627,'Burning Wheel: Osada husytów',41,'https://konkwistadorzy.blogspot.com/2020/02/burning-wheel-osada-husytow.html',NULL,0,'2020-02-14',1581939840,1581939840,'PL'),(628,'Uspójnianie niespójności w RPG',54,'https://www.facebook.com/505922466576455/posts/800871210414911',NULL,0,'2020-02-14',1581939840,1581939840,'PL'),(629,'Gdzie jest urban w urban fantasy?',63,'https://over9000internetz.blogspot.com/2020/02/gdzie-jest-urban-w-urban-fantasy.html',NULL,0,'2020-02-14',1581939840,1581939840,'PL'),(630,'Czaszki i Mity (odc. 6)',68,'https://www.facebook.com/106327076066519/posts/2997859803579884',NULL,0,'2020-02-14',1581939840,1581939840,'PL'),(631,'Tokeny – wizualizacja walki na sesji RPG',43,'http://abcrpg.pl/2020/02/13/860/',NULL,0,'2020-02-13',1581939840,1581939840,'PL'),(632,'Burning Dwarven Fortress #8: Nieprawdziwy szpieg oraz ten prawdziwy.',61,'https://allgemeinefestung.blogspot.com/2020/02/burning-dwarven-fortress-8-nieprawdziwy.html',NULL,0,'2020-02-14',1581939840,1581939840,'PL'),(633,'Hyperborea – Heksmapa',60,'https://hyperborea.video.blog/2020/02/14/hyperborea-heksmapa/',NULL,0,'2020-02-14',1581939840,1581939840,'PL'),(634,'Enchanted Monsters – któż to zacz?',42,'https://roberdponury.blogspot.com/2020/02/enchanted-monsters-ktoz-to-zacz.html',NULL,0,'2020-02-13',1581939840,1581939840,'PL'),(635,'Miał Hau, czyli pierwsze RPG o zwierzaczkach domowych',6,'https://www.facebook.com/404634013674125/posts/661876031283254',NULL,0,'2020-02-13',1581939840,1581939840,'PL'),(636,'Ruins of the Grendleroot – 5e D&D Adventure Review',23,'https://tenfootpole.org/ironspike/?p=6512',NULL,0,'2020-02-15',1581939840,1581939840,'ENG'),(638,'Ramon’s Guide to more Incredible Planes',30,'https://daemonsanddeathrays.wordpress.com/2020/02/14/ramons-guide-to-incredible-planes/',NULL,0,'2020-02-14',1581939841,1581939841,'ENG'),(640,'Five Tips for Engaging Players',16,'https://www.tribality.com/2020/02/14/five-tips-for-engaging-players/',NULL,0,'2020-02-14',1581939841,1581939841,'ENG'),(641,'Scenario Structure Challenge #5: The RPG Montage',22,'https://thealexandrian.net/wordpress/44117/roleplaying-games/scenario-structure-challenge-5-the-rpg-montage',NULL,0,'2020-02-13',1581939841,1581939841,'ENG'),(642,'Wiedźmiński Czwartek - Czy Adda Biała to ostateczne zło w Wiedźminie?',12,'http://jaxoblog.blogspot.com/2020/02/adda-biala-jako-czarny-charakter.html',NULL,0,'2020-02-13',1581939841,1581939841,'PL'),(643,'Kurrenta, czyli słów kilka o trochę zapomnianym piśmie',62,'https://wcieniuimperium.pl/index.php/2020/02/12/kurrenta-czyli-slow-kilka-o-troche-zapomnianym-pismie/?utm_source=rss&utm_medium=rss&utm_campaign=kurrenta-czyli-slow-kilka-o-troche-zapomnianym-pismie',NULL,0,'2020-02-12',1581939841,1581939841,'PL'),(644,'Esoteric Enterprises Exhibition',20,'http://throneofsalt.blogspot.com/2020/02/esoteric-enterprises-exhibition.html',NULL,0,'2020-02-13',1581939841,1581939841,'ENG'),(645,'Unearthed Arcana Review: Swarmkeeper Ranger',25,'https://mythcreants.com/blog/unearthed-arcana-review-swarmkeeper-ranger/',NULL,0,'2020-02-13',1581939841,1581939841,'ENG'),(646,'Strongholds & Followers Breakdown, Part Two',16,'https://www.tribality.com/2020/02/13/strongholds-followers-breakdown-part-two/',NULL,0,'2020-02-13',1581939841,1581939841,'ENG'),(647,'Holocron Lessons for Playing the D6 Star Wars RPG',15,'https://rollingboxcars.com/2020/02/13/holocron-lessons-for-playing-the-d6-star-wars-rpg/',NULL,0,'2020-02-13',1581939841,1581939841,'ENG'),(652,'Five or So Questions on Red Rook Revolt',32,'http://briebeau.com/thoughty/2020/02/five-or-so-questions-on-red-rook-revolt/',NULL,0,'2020-02-11',1581939841,1581939841,'ENG'),(653,'RPGs, Intimacy and Stand-Up',21,'http://monstersandmanuals.blogspot.com/2020/02/rpgs-intimacy-and-stand-up.html',NULL,0,'2020-02-11',1581939841,1581939841,'ENG'),(655,'Zestaw do RPGowego Star Treka',35,'https://www.facebook.com/1507448822878986/posts/2364236153866911',NULL,0,'2020-02-12',1581939841,1581939841,'PL'),(656,'RPG uczy i bawi: Osoby niesłyszące i niedosłyszące',6,'https://www.facebook.com/404634013674125/posts/655172015286989',NULL,0,'2020-02-11',1581939841,1581939841,'PL'),(657,'RPG uczy i bawi: Niepełnosprawności związane z mową i słuchem',6,'https://www.facebook.com/404634013674125/posts/655160895288101',NULL,0,'2020-02-11',1581939841,1581939841,'PL'),(658,'Stopień trudności a modyfikator do rzutu',57,'https://rpg-porady.blogspot.com/2020/02/stopien-trudnosci-modyfikator-do-rzutu.html',NULL,0,'2020-02-11',1581939841,1581939841,'PL'),(660,'Descent into Midnight First Look',17,'https://gnomestew.com/descent-into-midnight-first-look/',NULL,0,'2020-02-17',1581943170,1581943170,'ENG'),(661,'River Speciation Table',28,'https://weirdwonderfulworlds.blogspot.com/2020/02/river-speciation-table.html',NULL,0,'2020-02-17',1582023517,1582023517,'ENG'),(662,'A Review of Midnight Riot',15,'https://rollingboxcars.com/2020/02/17/a-review-of-midnight-riot/','',0,'2020-02-17',1582023517,1582024972,'ENG'),(663,'Ragged Hollow Nightmare',23,'https://tenfootpole.org/ironspike/?p=6515',NULL,0,'2020-02-17',1582023517,1582023517,'ENG'),(664,'Quick Shot on Thistle and Hearth',32,'http://briebeau.com/thoughty/2020/02/quick-shot-on-thistle-and-hearth/',NULL,0,'2020-02-17',1582023517,1582023517,'ENG'),(665,'How to Build a D&D Monk So Good That DMs Want to Cheat',18,'https://dmdavid.com/tag/how-to-build-a-dd-monk-so-good-that-dms-want-to-cheat/',NULL,0,'2020-02-18',1582023517,1582023517,'ENG'),(666,'Shades of Evil',21,'http://monstersandmanuals.blogspot.com/2020/02/shades-of-evil.html',NULL,0,'2020-02-18',1582023517,1582023517,'ENG'),(667,'Exploring the Charlatan Background',16,'https://www.tribality.com/2020/02/18/exploring-the-charlatan-background/',NULL,0,'2020-02-18',1582023517,1582023517,'ENG'),(668,'Quick Shot on The Last Place on Earth',32,'http://briebeau.com/thoughty/2020/02/quick-shot-on-the-last-place-on-earth/',NULL,0,'2020-02-18',1582023517,1582023517,'ENG'),(671,'Sesja XIV: Powrót na Wzgórze Dagona',60,'https://hyperborea.video.blog/2020/02/17/sesja-xiv-powrot-na-wzgorze-dagona/',NULL,0,'2020-02-17',1582023517,1582023517,'PL'),(672,'Hero Kids - (chyba) pełna lista',6,'https://www.facebook.com/404634013674125/posts/665026577634866',NULL,0,'2020-02-17',1582023517,1582023517,'PL'),(673,'Inspiracje do Ostrzy w Mroku',35,'https://www.facebook.com/1507448822878986/posts/2368215123469014','Seriale, filmy, gry, książki.',0,'2020-02-18',1582023517,1582024241,'PL'),(674,'Czaszki i Mity (odc. 7)',68,'https://www.facebook.com/106327076066519/posts/3003641053001759',NULL,0,'2020-02-18',1582023517,1582023517,'PL'),(675,'Szmaragdowy Las. Odcinek 5: W poszukiwaniu Żelaznej Tegwen.',5,'https://wolfgangschwarzenatter.blogspot.com/2020/02/szmaragdowy-las-odcinek-5-w.html',NULL,0,'2020-02-18',1582023517,1582023517,'PL'),(676,'RPG uczy i bawi: Osoby niewidzące i niedowidzące',6,'https://www.facebook.com/404634013674125/posts/660953288042195',NULL,0,'2020-02-18',1582023517,1582023517,'PL'),(677,'Ostrząc noże #1 - Ciężkie życie łotrów',1,'https://www.facebook.com/1714882952150815/posts/2245100852462353','Artykuł rozpoczynający cykl mający na celu przybliżyć świat przedstawiony oraz mechanikę Ostrzy.',0,'2020-02-18',1582023517,1582024500,'PL'),(678,'Brody z metalu',4,'https://wyjsciezpiwnicy.blogspot.com/2020/02/brody-z-metalu.html','Tekst o krasnoludach, rzecz jasna!',0,'2020-02-18',1582023517,1582024674,'PL'),(679,'Trail of Cthulhu - Death Laughs Last',70,'https://szufladarpg.blogspot.com/2020/02/trail-of-cthulhu-death-laughs-last.html',NULL,0,'2020-02-18',1582023517,1582023517,'PL');
/*!40000 ALTER TABLE `article` ENABLE KEYS */;
UNLOCK TABLES;

--
-- Table structure for table `article_tag`
--

DROP TABLE IF EXISTS `article_tag`;
/*!40101 SET @saved_cs_client     = @@character_set_client */;
/*!40101 SET character_set_client = utf8 */;
CREATE TABLE `article_tag` (
  `id` int(11) NOT NULL AUTO_INCREMENT,
  `article_id` int(11) DEFAULT NULL,
  `tag_id` int(11) DEFAULT NULL,
  PRIMARY KEY (`id`),
  KEY `fk_article_tag__article` (`article_id`),
  KEY `fk_article_tag__tag` (`tag_id`),
  CONSTRAINT `fk_article_tag__article` FOREIGN KEY (`article_id`) REFERENCES `article` (`id`),
  CONSTRAINT `fk_article_tag__tag` FOREIGN KEY (`tag_id`) REFERENCES `tag` (`id`)
) ENGINE=InnoDB AUTO_INCREMENT=809 DEFAULT CHARSET=utf8;
/*!40101 SET character_set_client = @saved_cs_client */;

--
-- Dumping data for table `article_tag`
--

LOCK TABLES `article_tag` WRITE;
/*!40000 ALTER TABLE `article_tag` DISABLE KEYS */;
INSERT INTO `article_tag` VALUES (2,291,1),(3,291,2),(8,332,5),(10,331,7),(11,331,8),(12,331,9),(13,332,6),(14,330,11),(15,330,12),(16,329,11),(17,329,12),(18,328,14),(19,327,1),(20,327,15),(21,327,16),(22,326,18),(23,326,17),(24,326,19),(25,325,12),(26,325,20),(27,325,21),(28,324,1),(29,324,22),(30,324,16),(31,323,17),(32,323,21),(33,322,15),(34,322,23),(35,321,5),(36,321,23),(37,321,24),(38,320,11),(39,320,12),(40,318,23),(41,318,25),(42,317,14),(43,316,27),(44,315,17),(45,315,21),(46,314,28),(47,313,14),(48,312,29),(49,311,30),(50,310,30),(51,309,17),(52,309,21),(54,309,12),(55,307,28),(56,308,1),(57,308,23),(58,306,32),(59,305,14),(60,304,14),(61,304,33),(62,303,21),(63,302,21),(64,301,21),(65,299,16),(66,299,32),(67,300,21),(68,297,21),(69,296,34),(70,295,21),(71,293,1),(72,293,16),(73,293,22),(74,290,1),(75,290,2),(76,292,21),(77,292,34),(78,292,17),(79,292,36),(80,294,1),(81,294,16),(82,298,17),(83,298,21),(84,305,17),(85,294,38),(86,294,39),(87,392,18),(88,392,40),(89,391,41),(90,389,17),(91,389,5),(92,388,41),(93,387,18),(94,387,1),(95,387,16),(96,386,2),(97,386,43),(98,386,42),(99,385,5),(100,385,44),(101,384,1),(102,384,16),(103,384,45),(104,383,21),(105,382,5),(106,382,44),(107,381,23),(108,380,23),(109,381,46),(110,380,1),(111,380,47),(112,379,17),(113,378,22),(114,378,1),(115,378,16),(116,377,17),(117,377,34),(118,376,17),(119,376,21),(120,376,41),(121,373,21),(122,372,17),(123,372,18),(124,372,21),(125,371,18),(126,371,40),(127,370,1),(128,370,23),(129,369,21),(130,368,1),(131,368,16),(132,368,18),(133,367,23),(134,367,1),(135,367,46),(136,366,17),(137,366,21),(138,365,1),(139,365,15),(140,365,16),(141,364,21),(142,363,1),(143,363,30),(144,363,48),(145,362,28),(146,361,17),(148,361,21),(149,359,17),(150,359,34),(151,358,1),(152,358,15),(153,358,16),(154,357,18),(155,357,40),(156,356,21),(157,356,41),(158,355,41),(159,354,1),(160,354,16),(161,354,18),(162,351,21),(163,349,17),(164,349,21),(165,348,1),(166,348,15),(167,348,16),(168,347,21),(169,345,21),(170,344,17),(171,344,34),(172,343,21),(173,342,1),(174,342,15),(175,342,16),(176,341,21),(177,340,17),(178,340,18),(179,339,17),(180,339,21),(181,339,18),(182,338,1),(183,338,16),(184,338,22),(185,336,1),(186,336,16),(187,336,18),(188,335,1),(189,335,15),(190,335,16),(191,334,21),(192,264,1),(193,264,15),(194,264,16),(195,262,1),(196,262,23),(197,393,17),(198,393,18),(199,393,34),(200,407,17),(201,407,18),(202,407,34),(203,422,16),(204,422,17),(205,422,18),(206,423,50),(207,424,32),(208,424,51),(209,425,1),(210,425,3),(211,425,52),(212,425,44),(213,426,32),(214,426,53),(215,426,54),(216,403,21),(217,404,1),(218,404,16),(219,404,55),(220,405,1),(221,405,23),(222,405,56),(223,406,1),(224,406,17),(225,406,57),(226,406,18),(227,417,17),(228,417,21),(229,418,1),(230,418,16),(231,418,58),(232,419,21),(233,420,32),(235,420,53),(236,424,53),(237,421,21),(238,421,34),(239,421,15),(240,421,59),(241,400,21),(242,401,17),(243,401,21),(244,402,1),(245,402,16),(246,402,17),(247,402,18),(248,416,30),(249,416,60),(250,399,17),(251,399,21),(252,415,21),(253,415,30),(254,415,34),(255,398,1),(256,398,17),(257,398,40),(258,412,30),(259,412,61),(260,413,15),(261,413,32),(262,413,53),(263,394,1),(264,394,15),(265,394,16),(266,394,54),(267,395,1),(268,395,16),(269,395,22),(270,397,21),(271,397,41),(272,408,5),(273,408,21),(274,409,11),(275,409,30),(276,410,14),(277,411,7),(278,443,1),(279,443,16),(280,443,17),(281,443,18),(282,437,1),(283,437,16),(284,430,30),(285,430,62),(286,429,11),(287,429,30),(288,439,3),(289,439,17),(290,439,18),(291,439,40),(292,435,3),(293,435,17),(294,435,18),(295,435,40),(296,428,11),(297,428,32),(298,428,53),(299,427,32),(300,427,53),(301,427,63),(302,451,14),(303,451,21),(304,447,14),(305,447,21),(306,447,34),(307,448,7),(308,448,14),(309,449,21),(310,449,34),(311,444,21),(312,445,14),(313,445,17),(314,445,34),(315,450,17),(316,450,18),(317,450,21),(318,432,32),(319,432,37),(320,431,5),(321,431,65),(322,440,23),(323,440,67),(324,440,66),(325,441,46),(326,441,30),(327,433,14),(328,433,17),(329,434,21),(330,434,68),(331,436,14),(332,438,17),(333,438,21),(334,452,30),(335,452,65),(336,452,53),(337,453,32),(338,453,53),(339,453,63),(340,454,1),(341,454,5),(342,454,23),(343,455,21),(344,455,17),(345,455,41),(346,456,16),(347,457,1),(348,457,15),(349,457,16),(350,458,30),(351,459,14),(352,460,21),(353,460,34),(354,461,16),(355,461,69),(356,463,16),(357,463,69),(358,468,16),(359,468,69),(360,467,16),(361,467,69),(362,467,17),(363,468,17),(364,463,17),(365,461,17),(366,469,17),(367,469,21),(368,471,1),(369,471,70),(370,472,17),(371,472,34),(372,464,21),(373,464,22),(374,464,30),(375,465,21),(376,466,14),(377,473,65),(378,474,21),(379,474,34),(380,475,17),(381,475,18),(382,475,21),(383,476,1),(384,476,16),(385,476,15),(386,477,41),(387,477,21),(388,478,2),(389,478,28),(390,505,30),(391,505,51),(392,506,1),(393,506,16),(394,506,22),(395,479,32),(396,479,53),(397,479,11),(398,491,17),(399,491,30),(400,492,1),(401,492,16),(402,492,17),(403,492,18),(404,488,21),(405,488,41),(406,490,14),(407,504,14),(408,498,30),(409,498,62),(410,499,15),(413,499,1),(414,499,23),(415,500,32),(416,500,53),(417,501,14),(418,502,11),(419,503,14),(420,486,1),(421,486,15),(422,486,16),(423,487,1),(424,487,3),(425,487,22),(426,487,30),(427,496,11),(428,496,30),(429,497,32),(430,497,53),(431,497,15),(432,480,21),(433,480,17),(434,482,21),(435,482,34),(436,482,17),(437,482,18),(438,483,21),(439,484,1),(440,484,23),(441,485,17),(442,485,34),(443,495,15),(444,495,32),(445,493,21),(446,493,41),(447,512,1),(448,512,15),(449,512,16),(450,513,21),(451,513,41),(452,514,14),(453,532,14),(454,532,50),(455,532,21),(456,533,21),(457,534,1),(458,534,16),(459,534,22),(460,507,5),(461,507,74),(462,507,73),(463,508,41),(464,509,16),(465,509,17),(466,509,18),(467,509,69),(468,516,16),(469,516,17),(470,516,18),(471,516,69),(472,519,16),(473,519,17),(474,519,18),(475,519,69),(476,539,16),(477,539,17),(478,539,18),(479,539,69),(480,541,16),(481,541,17),(482,541,18),(483,541,69),(484,510,75),(485,511,5),(486,511,21),(487,520,30),(488,521,30),(489,522,21),(490,522,34),(491,523,1),(492,523,16),(493,523,17),(494,523,18),(495,530,15),(496,530,32),(497,530,53),(498,517,14),(499,518,41),(500,526,32),(501,526,53),(502,526,63),(503,527,2),(504,527,28),(505,527,75),(506,528,14),(507,529,15),(508,529,32),(509,529,53),(510,542,3),(511,542,17),(512,542,18),(513,542,40),(514,525,14),(515,537,17),(516,537,18),(518,537,34),(519,538,1),(520,538,15),(521,538,16),(522,540,1),(523,540,15),(524,540,16),(525,544,32),(526,544,53),(527,544,76),(528,545,1),(529,545,22),(530,545,75),(531,546,32),(532,546,53),(533,546,63),(534,547,2),(535,547,32),(536,547,59),(537,462,30),(538,536,21),(539,555,17),(540,555,18),(541,555,40),(542,554,32),(543,554,46),(544,554,53),(545,553,14),(546,552,21),(547,551,21),(548,550,1),(549,550,16),(550,550,17),(551,550,18),(552,548,1),(553,548,16),(554,548,17),(555,548,18),(556,549,1),(557,549,3),(558,549,17),(559,549,18),(560,556,1),(561,556,16),(562,556,17),(563,556,18),(564,566,1),(565,566,11),(566,566,37),(567,566,77),(568,567,21),(569,567,37),(570,567,41),(572,597,14),(573,598,17),(574,598,18),(575,598,34),(576,599,1),(577,599,23),(578,599,78),(579,600,21),(580,601,32),(581,601,53),(582,601,76),(583,558,23),(584,558,75),(585,559,17),(586,559,18),(587,561,1),(588,561,15),(589,561,16),(590,562,5),(591,564,1),(592,564,16),(593,564,64),(594,565,32),(595,565,53),(596,563,32),(597,563,53),(598,563,63),(599,569,29),(600,568,1),(601,568,16),(602,568,22),(603,578,1),(604,578,16),(605,578,17),(606,578,18),(607,576,23),(608,576,78),(609,577,21),(610,580,30),(611,580,52),(612,583,1),(613,583,16),(614,583,22),(615,584,1),(616,584,23),(617,571,17),(618,571,18),(619,571,40),(620,577,41),(621,572,21),(622,572,41),(623,605,17),(624,605,18),(625,605,40),(626,606,23),(627,606,67),(628,607,14),(629,610,14),(630,610,21),(631,610,30),(632,611,14),(633,611,21),(634,611,30),(635,613,17),(636,613,18),(637,613,40),(638,612,21),(639,612,34),(640,573,21),(641,575,17),(642,575,18),(643,575,30),(644,581,14),(645,582,11),(646,582,21),(647,570,21),(648,579,14),(649,588,30),(650,588,62),(651,588,41),(652,589,21),(653,589,34),(654,590,17),(655,590,18),(656,590,40),(657,585,32),(658,585,37),(659,586,15),(660,586,32),(661,586,53),(662,587,10),(663,592,21),(664,592,26),(665,594,1),(666,594,15),(667,594,23),(668,595,69),(669,595,16),(670,595,17),(671,595,18),(672,596,1),(673,596,15),(674,596,16),(675,596,17),(676,596,18),(677,665,17),(678,665,18),(679,665,21),(680,665,34),(681,665,5),(682,666,17),(683,666,34),(684,667,17),(685,667,34),(686,668,23),(687,668,67),(688,673,28),(689,673,76),(690,674,1),(691,674,16),(692,674,22),(693,675,15),(694,675,32),(695,675,53),(696,676,21),(697,677,76),(698,678,21),(699,678,34),(700,678,59),(701,679,1),(702,679,16),(703,614,1),(704,614,16),(705,614,22),(706,615,21),(707,616,1),(708,616,16),(709,616,17),(710,616,32),(711,660,1),(712,660,23),(713,660,78),(714,661,15),(715,661,30),(716,662,79),(717,662,1),(718,662,75),(719,663,1),(720,663,15),(721,663,16),(722,663,17),(723,663,18),(724,664,23),(725,664,67),(726,664,78),(727,671,15),(728,671,32),(729,671,53),(730,672,28),(731,672,50),(732,617,14),(733,617,17),(734,617,18),(735,618,30),(736,618,46),(737,619,23),(738,619,67),(739,621,17),(740,621,21),(741,621,41),(742,622,33),(743,623,21),(744,624,15),(745,624,32),(746,624,53),(747,625,33),(748,626,1),(749,626,23),(750,636,1),(751,636,16),(752,636,17),(753,636,18),(754,627,32),(755,627,53),(756,627,63),(757,628,14),(758,628,21),(759,628,34),(760,629,21),(761,629,41),(762,629,75),(763,630,1),(764,630,16),(765,630,22),(766,632,32),(767,632,53),(768,632,63),(769,633,15),(770,633,30),(771,638,17),(772,638,18),(773,640,17),(774,640,18),(775,640,21),(776,631,29),(777,634,5),(778,634,17),(779,635,7),(780,641,21),(781,641,41),(782,642,30),(783,642,61),(784,644,30),(785,644,46),(786,645,1),(787,645,17),(788,645,18),(789,645,40),(790,646,1),(791,646,3),(792,646,17),(793,646,18),(794,647,5),(795,647,14),(796,602,17),(797,602,18),(798,602,34),(799,603,15),(800,603,16),(801,603,1),(802,604,14),(803,608,32),(804,608,63),(805,643,11),(806,643,30),(807,655,30),(808,655,52);
/*!40000 ALTER TABLE `article_tag` ENABLE KEYS */;
UNLOCK TABLES;

--
-- Table structure for table `medium`
--

DROP TABLE IF EXISTS `medium`;
/*!40101 SET @saved_cs_client     = @@character_set_client */;
/*!40101 SET character_set_client = utf8 */;
CREATE TABLE `medium` (
  `id` int(11) NOT NULL AUTO_INCREMENT,
  `name` varchar(255) DEFAULT NULL,
  `url` varchar(255) DEFAULT NULL,
  `publisher_id` int(11) DEFAULT NULL,
  `created_at` int(11) NOT NULL,
  `updated_at` int(11) NOT NULL,
  PRIMARY KEY (`id`),
  UNIQUE KEY `name` (`name`),
  KEY `fk_medium__publisher` (`publisher_id`),
  CONSTRAINT `fk_medium__publisher` FOREIGN KEY (`publisher_id`) REFERENCES `publisher` (`id`)
) ENGINE=InnoDB AUTO_INCREMENT=71 DEFAULT CHARSET=utf8;
/*!40101 SET character_set_client = @saved_cs_client */;

--
-- Dumping data for table `medium`
--

LOCK TABLES `medium` WRITE;
/*!40000 ALTER TABLE `medium` DISABLE KEYS */;
INSERT INTO `medium` VALUES (1,'ABC gier fabularnych (Facebook)','https://www.facebook.com/1714882952150815',43,1572981167,1574862045),(2,'Kołek niewiary (Facebook)','https://www.facebook.com/107959060574412',2,1572981167,1572981167),(3,'No ja nie mogę…','https://erpegis.wordpress.com/',3,1572981167,1572981167),(4,'Wyjście z piwnicy','http://wyjsciezpiwnicy.blogspot.com/',4,1572981167,1572981167),(5,'Fear and loathing in the Old World','http://wolfgangschwarzenatter.blogspot.com/',5,1572981167,1572981167),(6,'Erpegowy Matecznik (Facebook)','https://www.facebook.com/404634013674125',6,1572981167,1572981167),(7,'Fajerbol Junior - gry fabularne dla dzieci (Facebook)','https://www.facebook.com/1932707267024444',7,1572981167,1572981167),(8,'Staroświecka Pracownia Gier Imć Pani Wiewiórskiej','http://squirel-spg.blogspot.com/',8,1572981167,1572981167),(9,'Dystrykt Psychofabularny (Facebook)','https://www.facebook.com/2197446783670850',9,1572981167,1572981167),(10,'GRAJ! Kolektyw','https://www.grajkolektyw.pl/',10,1572981167,1572981167),(11,'Skala Wyzwania','https://skalawyzwania.pl/',11,1572981167,1572981167),(12,'RPGowa Alchemia','http://jaxoblog.blogspot.com/',12,1572981167,1572981167),(13,'Warhammer Fantasy Roleplay 2 PL (Facebook)','https://www.facebook.com/1895172574028385',13,1572981167,1572981167),(14,'Holistyczny przewodnik po grach (Facebook)','https://www.facebook.com/150279362366378',14,1572981167,1572981167),(15,'Rolling Boxcars','https://rollingboxcars.com/',15,1572981611,1572981611),(16,'Tribality','https://www.tribality.com/',16,1572981611,1572981611),(17,'Gnome Stew','https://gnomestew.com/',17,1572981611,1572981611),(18,'DMDavid','https://dmdavid.com/',18,1572981611,1572981611),(19,'Sheep and Sorcery','https://sheepandsorcery.blogspot.com/',19,1572981611,1572981611),(20,'Throne of Salt','http://throneofsalt.blogspot.com/',20,1572981611,1572981611),(21,'Monsters and Manuals','http://monstersandmanuals.blogspot.com/',21,1572981611,1572981611),(22,'The Alexandrian','https://thealexandrian.net/',22,1572981611,1572981611),(23,'tenfootpole.org','https://tenfootpole.org/ironspike',23,1572981611,1572981611),(24,'Sly Flourish','http://slyflourish.com/',24,1572981611,1572981611),(25,'Mythcreants','https://mythcreants.com/',25,1572981611,1572981611),(26,'Jeffs Gameblog','http://jrients.blogspot.com/',26,1572981611,1572981611),(27,'Cavegirl\'s Game Stuff','https://cavegirlgames.blogspot.com/',27,1572981611,1572981611),(28,'Weird & Wonderful Worlds','https://weirdwonderfulworlds.blogspot.com/',28,1572981611,1572981611),(29,'The Angry GM','https://theangrygm.com/',29,1572981611,1572981611),(30,'Daemons & Deathrays','https://daemonsanddeathrays.wordpress.com/',30,1572981611,1572981611),(31,'Goblin Punch','http://goblinpunch.blogspot.com/',31,1572981611,1572981611),(32,'Thoughty','http://briebeau.com/thoughty',32,1572981611,1572981611),(33,'BARKING ALIEN','http://barkingalien.blogspot.com/',33,1572981611,1572981611),(34,'Mistrzowanie po Sznurku','https://posznurku.pl/',34,1573641470,1573641470),(35,'RPGowa Alchemia (Facebook)','https://www.facebook.com/1507448822878986',12,1573641471,1574862109),(36,'Zapiski potwora na pół etatu','https://zapiskipotwora.blogspot.com/',36,1573641471,1573641471),(37,'Eric Lis\'s blog','https://d-infinity.net/blogs/eric-lis',37,1573641768,1573641768),(38,'ars ludi','http://arsludi.lamemage.com/',38,1574496700,1574496700),(39,'Signs in the Wilderness','https://signsinthewilderness.blogspot.com/',39,1574496700,1574496700),(40,'Praktyczny Mistrz Gry (Facebook)','https://www.facebook.com/106429634036863',40,1574497506,1574497506),(41,'Konkwistadorzy Chałwy','http://konkwistadorzy.blogspot.com/',41,1574497506,1574497506),(42,'Blog Roberta','https://roberdponury.blogspot.com/',42,1574497506,1574497506),(43,'ABC gier fabularnych','http://abcrpg.pl/',43,1574497506,1574497506),(44,'Polskie Erpegowanie','http://polskie-erpegowanie.rpgildia.pl/',44,1574497506,1574497506),(45,'bender blog','https://kbender.net/',45,1574497506,1574497506),(46,'Boodzik (Facebook)','https://www.facebook.com/1337468603044913',46,1574861504,1574861504),(47,'Unpossible Journeys','https://unpossiblejourneys.com/',47,1574861536,1574861536),(48,'Ursus Ludens','http://ursusludens.blogspot.com/',48,1575485041,1575485041),(49,'Beyond Fomalhaut','http://beyondfomalhaut.blogspot.com/',49,1575485069,1575485069),(50,'The Kind GM','https://thekindgm.wordpress.com/',50,1575485069,1575485069),(51,'Hack & Slash','http://hackslashmaster.blogspot.com/',51,1575485069,1575485069),(52,'naked female giant','http://nakedfemalegiant.pl/',52,1576074044,1576074044),(53,'Zakamarki RPG (Facebook)','https://www.facebook.com/102027707950968',53,1576074044,1576074044),(54,'Dobre Rzuty (Facebook)','https://www.facebook.com/505922466576455',54,1576074044,1576074044),(55,'Twierdza Fantastyki','',60,1578396054,1578445475),(56,'Daily Kraken','',59,1578396155,1578445453),(57,'RPG porady','http://rpg-porady.blogspot.com/',55,1578396880,1578396880),(58,'Aktywny w Szaleństwie...      i Kosmosie','https://aktywnywszalenstwie.blogspot.com/',56,1578396880,1578396880),(59,'Błękitny Świt','http://www.blekitnyswit.pl/',57,1578396880,1578396880),(60,'Hyperborea','https://hyperborea.video.blog/',58,1578396880,1578396880),(61,'Twierdza Powszechna','https://allgemeinefestung.blogspot.com/',61,1579460124,1579460124),(62,'W cieniu imperium','https://wcieniuimperium.pl/',62,1579460124,1579460124),(63,'OVER 9000 INTERNETZ','http://over9000internetz.blogspot.com/',63,1580177235,1580177235),(64,'Idę po zbroję','https://idepozbroje.wordpress.com/',64,1580177235,1580177235),(65,'erpegi.pl - RPG w Polsce (Facebook)','https://www.facebook.com/220903125027356',65,1580852915,1580852915),(66,'Erpegowy Codziennik','https://www.facebook.com/Erpegowy-Codziennik-100694024633409/',66,1580981983,1580982306),(67,'Miasto ze Spiżu','http://ifrytrpg.blogspot.com/',67,1581099580,1581099580),(68,'Lans Macabre (Facebook)','https://www.facebook.com/106327076066519',68,1581099580,1581099580),(69,'Le Chaudron Chromatique','http://chaudronchromatique.blogspot.com/',69,1581939840,1581939840),(70,'Inne Światy','http://szufladarpg.blogspot.com/',70,1582023517,1582023517);
/*!40000 ALTER TABLE `medium` ENABLE KEYS */;
UNLOCK TABLES;

--
-- Table structure for table `migration`
--

DROP TABLE IF EXISTS `migration`;
/*!40101 SET @saved_cs_client     = @@character_set_client */;
/*!40101 SET character_set_client = utf8 */;
CREATE TABLE `migration` (
  `version` varchar(180) NOT NULL,
  `apply_time` int(11) DEFAULT NULL,
  PRIMARY KEY (`version`)
) ENGINE=InnoDB DEFAULT CHARSET=utf8;
/*!40101 SET character_set_client = @saved_cs_client */;

--
-- Dumping data for table `migration`
--

LOCK TABLES `migration` WRITE;
/*!40000 ALTER TABLE `migration` DISABLE KEYS */;
INSERT INTO `migration` VALUES ('m000000_000000_base',1572883429),('m130524_201442_init',1572883429),('m190124_110200_add_verification_token_column_to_user_table',1572883429),('m191001_181919_create_base_tables',1572883430),('m191021_064510_alter_article_table',1572883430),('m191025_085326_alter_article_table',1572883430),('m191031_082933_clean_and_fix_the_tables',1572883431);
/*!40000 ALTER TABLE `migration` ENABLE KEYS */;
UNLOCK TABLES;

--
-- Table structure for table `publisher`
--

DROP TABLE IF EXISTS `publisher`;
/*!40101 SET @saved_cs_client     = @@character_set_client */;
/*!40101 SET character_set_client = utf8 */;
CREATE TABLE `publisher` (
  `id` int(11) NOT NULL AUTO_INCREMENT,
  `name` varchar(255) DEFAULT NULL,
  `created_at` int(11) NOT NULL,
  `updated_at` int(11) NOT NULL,
  PRIMARY KEY (`id`)
) ENGINE=InnoDB AUTO_INCREMENT=71 DEFAULT CHARSET=utf8;
/*!40101 SET character_set_client = @saved_cs_client */;

--
-- Dumping data for table `publisher`
--

LOCK TABLES `publisher` WRITE;
/*!40000 ALTER TABLE `publisher` DISABLE KEYS */;
INSERT INTO `publisher` VALUES (1,'ABC gier fabularnych (Facebook)',1572981167,1572981167),(2,'Kołek niewiary (Facebook)',1572981167,1572981167),(3,'No ja nie mogę…',1572981167,1572981167),(4,'Wyjście z piwnicy',1572981167,1572981167),(5,'Fear and loathing in the Old World',1572981167,1572981167),(6,'Erpegowy Matecznik (Facebook)',1572981167,1572981167),(7,'Fajerbol Junior - gry fabularne dla dzieci (Facebook)',1572981167,1572981167),(8,'Staroświecka Pracownia Gier Imć Pani Wiewiórskiej',1572981167,1572981167),(9,'Dystrykt Psychofabularny (Facebook)',1572981167,1572981167),(10,'GRAJ! Kolektyw',1572981167,1572981167),(11,'Skala Wyzwania',1572981167,1572981167),(12,'RPGowa Alchemia',1572981167,1572981167),(13,'Warhammer Fantasy Roleplay 2 PL (Facebook)',1572981167,1572981167),(14,'Holistyczny przewodnik po grach (Facebook)',1572981167,1572981167),(15,'Rolling Boxcars',1572981611,1572981611),(16,'Tribality',1572981611,1572981611),(17,'Gnome Stew',1572981611,1572981611),(18,'DMDavid',1572981611,1572981611),(19,'Sheep and Sorcery',1572981611,1572981611),(20,'Throne of Salt',1572981611,1572981611),(21,'Monsters and Manuals',1572981611,1572981611),(22,'The Alexandrian',1572981611,1572981611),(23,'tenfootpole.org',1572981611,1572981611),(24,'Sly Flourish',1572981611,1572981611),(25,'Mythcreants',1572981611,1572981611),(26,'Jeffs Gameblog',1572981611,1572981611),(27,'Cavegirl\'s Game Stuff',1572981611,1572981611),(28,'Weird & Wonderful Worlds',1572981611,1572981611),(29,'The Angry GM',1572981611,1572981611),(30,'Daemons & Deathrays',1572981611,1572981611),(31,'Goblin Punch',1572981611,1572981611),(32,'Thoughty',1572981611,1572981611),(33,'BARKING ALIEN',1572981611,1572981611),(34,'Mistrzowanie po Sznurku',1573641470,1573641470),(35,'RPGowa Alchemia (Facebook)',1573641471,1573641471),(36,'Zapiski potwora na pół etatu',1573641471,1573641471),(37,'Eric Lis\'s blog',1573641768,1573641768),(38,'ars ludi',1574496700,1574496700),(39,'Signs in the Wilderness',1574496700,1574496700),(40,'Praktyczny Mistrz Gry (Facebook)',1574497506,1574497506),(41,'Konkwistadorzy Chałwy',1574497506,1574497506),(42,'Blog Roberta',1574497506,1574497506),(43,'ABC gier fabularnych',1574497506,1574497506),(44,'Polskie Erpegowanie',1574497506,1574497506),(45,'bender blog',1574497506,1574497506),(46,'Boodzik (Facebook)',1574861504,1574861504),(47,'Unpossible Journeys',1574861536,1574861536),(48,'Ursus Ludens',1575485041,1575485041),(49,'Beyond Fomalhaut',1575485069,1575485069),(50,'The Kind GM',1575485069,1575485069),(51,'Hack & Slash',1575485069,1575485069),(52,'naked female giant',1576074044,1576074044),(53,'Zakamarki RPG (Facebook)',1576074044,1576074044),(54,'Dobre Rzuty (Facebook)',1576074044,1576074044),(55,'RPG porady',1578396880,1578396880),(56,'Aktywny w Szaleństwie...      i Kosmosie',1578396880,1578396880),(57,'Błękitny Świt',1578396880,1578396880),(58,'Hyperborea',1578396880,1578396880),(59,'Daily Kraken',1578445396,1578445396),(60,'Twierdza Fantastyki',1578445410,1578445410),(61,'Twierdza Powszechna',1579460124,1579460124),(62,'W cieniu imperium',1579460124,1579460124),(63,'OVER 9000 INTERNETZ',1580177235,1580177235),(64,'Idę po zbroję',1580177235,1580177235),(65,'erpegi.pl - RPG w Polsce (Facebook)',1580852915,1580852915),(66,'Erpegowy Codziennik',1580982260,1580982260),(67,'Miasto ze Spiżu',1581099580,1581099580),(68,'Lans Macabre (Facebook)',1581099580,1581099580),(69,'Le Chaudron Chromatique',1581939840,1581939840),(70,'Inne Światy',1582023517,1582023517);
/*!40000 ALTER TABLE `publisher` ENABLE KEYS */;
UNLOCK TABLES;

--
-- Table structure for table `tag`
--

DROP TABLE IF EXISTS `tag`;
/*!40101 SET @saved_cs_client     = @@character_set_client */;
/*!40101 SET character_set_client = utf8 */;
CREATE TABLE `tag` (
  `id` int(11) NOT NULL AUTO_INCREMENT,
  `name` varchar(255) DEFAULT NULL,
  PRIMARY KEY (`id`)
) ENGINE=InnoDB AUTO_INCREMENT=81 DEFAULT CHARSET=utf8;
/*!40101 SET character_set_client = @saved_cs_client */;

--
-- Dumping data for table `tag`
--

LOCK TABLES `tag` WRITE;
/*!40000 ALTER TABLE `tag` DISABLE KEYS */;
INSERT INTO `tag` VALUES (1,'Recenzja'),(2,'Fate'),(3,'Dodatek'),(5,'Mechanika'),(6,'AD&D'),(7,'Historia RPG'),(8,'MERP'),(9,'One Ring'),(10,'Historia'),(11,'WFRP'),(12,'Bohater Niezależny'),(14,'Publicystyka'),(15,'OSR'),(16,'Przygoda'),(17,'D&D'),(18,'5E'),(19,'Generator'),(20,'Improwizacja'),(21,'Almanach MG'),(22,'Zew Chtulhu'),(23,'System'),(24,'Savage Worlds'),(25,'Amazing Tales'),(26,'Muzyka'),(27,'Muzyka na sesji'),(28,'Zestawienie'),(29,'Warsztat / handouty'),(30,'Materiały'),(31,'Kampanie'),(32,'Relacja'),(33,'Fandom'),(34,'Almanach Gracza'),(35,'Rozszerzenie'),(36,'Szmaragdowy Las'),(37,'Kampania'),(38,'WoD'),(39,'Wampir'),(40,'Unearthed Arcana'),(41,'Przygotowywania do sesji'),(42,'Cypher'),(43,'Porównanie'),(44,'2d20'),(45,'4E'),(46,'Esoteric Enterprises'),(47,'Ironsworn'),(48,'Zweihander'),(49,'A;'),(50,'Sesje dla dzieci'),(51,'Jagodowy Las'),(52,'Star Trek'),(53,'Sesja'),(54,'AS&SH'),(55,'S&W'),(56,'Indie'),(57,'Critical Role'),(58,'CP RED'),(59,'LotFP'),(60,'Adventurers!'),(61,'Witcher'),(62,'Wiedźmin'),(63,'Burning Wheel'),(64,'Cyberpunk'),(65,'Alien RPG'),(66,'Last Fleet'),(67,'Wywiad'),(68,'Basic Set D&D'),(69,'Ptolus'),(70,'Zin'),(71,'WF'),(72,'Year Zone'),(73,'Alien'),(74,'Year Zero'),(75,'Setting'),(76,'Blades In The Dark'),(77,'YouTube'),(78,'PbtA'),(79,'Książka');
/*!40000 ALTER TABLE `tag` ENABLE KEYS */;
UNLOCK TABLES;

--
-- Table structure for table `user`
--

DROP TABLE IF EXISTS `user`;
/*!40101 SET @saved_cs_client     = @@character_set_client */;
/*!40101 SET character_set_client = utf8 */;
CREATE TABLE `user` (
  `id` int(11) NOT NULL AUTO_INCREMENT,
  `username` varchar(255) COLLATE utf8_unicode_ci NOT NULL,
  `auth_key` varchar(32) COLLATE utf8_unicode_ci NOT NULL,
  `password_hash` varchar(255) COLLATE utf8_unicode_ci NOT NULL,
  `password_reset_token` varchar(255) COLLATE utf8_unicode_ci DEFAULT NULL,
  `email` varchar(255) COLLATE utf8_unicode_ci NOT NULL,
  `status` smallint(6) NOT NULL DEFAULT '10',
  `created_at` int(11) NOT NULL,
  `updated_at` int(11) NOT NULL,
  `verification_token` varchar(255) COLLATE utf8_unicode_ci DEFAULT NULL,
  PRIMARY KEY (`id`),
  UNIQUE KEY `username` (`username`),
  UNIQUE KEY `email` (`email`),
  UNIQUE KEY `password_reset_token` (`password_reset_token`)
) ENGINE=InnoDB DEFAULT CHARSET=utf8 COLLATE=utf8_unicode_ci;
/*!40101 SET character_set_client = @saved_cs_client */;

--
-- Dumping data for table `user`
--

LOCK TABLES `user` WRITE;
/*!40000 ALTER TABLE `user` DISABLE KEYS */;
/*!40000 ALTER TABLE `user` ENABLE KEYS */;
UNLOCK TABLES;
/*!40103 SET TIME_ZONE=@OLD_TIME_ZONE */;

/*!40101 SET SQL_MODE=@OLD_SQL_MODE */;
/*!40014 SET FOREIGN_KEY_CHECKS=@OLD_FOREIGN_KEY_CHECKS */;
/*!40014 SET UNIQUE_CHECKS=@OLD_UNIQUE_CHECKS */;
/*!40101 SET CHARACTER_SET_CLIENT=@OLD_CHARACTER_SET_CLIENT */;
/*!40101 SET CHARACTER_SET_RESULTS=@OLD_CHARACTER_SET_RESULTS */;
/*!40101 SET COLLATION_CONNECTION=@OLD_COLLATION_CONNECTION */;
/*!40111 SET SQL_NOTES=@OLD_SQL_NOTES */;

-- Dump completed on 2020-02-18 16:29:34
